test_case,result_difference,time_difference
1,1.4458304343443946,0.09851853057873539
2,-0.15090066914925102,-0.1264290730458062
3,0.8128388221367757,0.14953147409385129
4,-0.2450033279704326,-0.058357235166021384
