input,result,time
1,PASS,1.218815711037542
2,FAIL,1.4428394462110163
3,PASS,1.0341560205858773
4,FAIL,1.3021479539877951
