input,result,time
1,FAIL,0.5724326450045161
2,FAIL,0.561727978911657
3,FAIL,0.8145473636678093
4,FAIL,0.8808840604283622
