input,result,time
1,PASS,0.8746854505667699
2,PASS,0.7681685280480609
3,PASS,0.8244262755281556
4,PASS,0.946846575995116
