input,result,time
1,FAIL,0.8738131379325614
2,FAIL,1.087599635196389
3,FAIL,0.772821902424467
4,PASS,0.8708527992178887
