input,result,time
1,PASS,0.7777736736315105
2,FAIL,1.3948631921780887
3,PASS,0.5265225525989757
4,FAIL,1.1256366173439285
