input,result,time
1,PASS,1.4146942995496945
2,PASS,1.23863871146225
3,FAIL,1.3566662819793105
4,FAIL,0.6821976449230329
