input,result,time
1,PASS,1.192554626863127
2,FAIL,1.3196898055745352
3,FAIL,0.9884424667302759
4,PASS,0.6342670237178248
