input,result,time
1,FAIL,0.7372080631818536
2,FAIL,0.5717519024756617
3,FAIL,0.648373573257875
4,PASS,1.3208656496687534
