input,result,time
1,FAIL,0.6183494340194691
2,PASS,0.5251902892905062
3,PASS,1.3986376684082662
4,PASS,1.0371701279487073
