input,result,time
1,PASS,1.0405931650407467
2,PASS,0.785874884646848
3,FAIL,1.2597189686300838
4,PASS,1.4741319913401518
