input,result,time
1,PASS,0.5824935030810934
2,PASS,0.975214033462273
3,PASS,0.7872928817747467
4,PASS,1.379681542587933
