input,result,time
1,FAIL,1.259282451716668
2,FAIL,0.8645446259967866
3,PASS,1.001063172834752
4,FAIL,0.8763891551943512
