input,result,time
1,PASS,0.6924441538343575
2,FAIL,1.2474930854529482
3,PASS,0.5275593960340362
4,PASS,0.801133022471292
