input,result,time,matrix_size
1,FAIL,0.5452344900847259,654
2,FAIL,0.825296807649502,566
3,FAIL,0.9969147486079186,742
4,PASS,0.6721957074192855,897
