input,result,time,matrix_size
1,FAIL,1.4594333408334252,845
2,PASS,1.1455702444560039,232
3,PASS,0.5353624357554909,541
4,PASS,0.9304024395080612,193
