input,result,time,matrix_size
1,FAIL,1.4702218038935837,330
2,PASS,1.1638660678862631,604
3,PASS,0.793144402506565,762
4,FAIL,0.700364321941194,130
