input,result,time
1,PASS,1.4037197397459336
2,FAIL,0.5834224354420185
3,FAIL,1.0521924699224066
4,FAIL,1.0844760689557689
