input,result,time
1,FAIL,1.056133179450474
2,PASS,0.8180286309603865
3,FAIL,1.4580671779934349
4,FAIL,1.4657342779802807
