input,result,time
1,PASS,1.0395019250274484
2,PASS,0.658514850580399
3,FAIL,0.9095268315182661
4,PASS,0.5768729937523798
