input,result,time
1,FAIL,0.504474626711733
2,FAIL,1.1524288587852523
3,FAIL,0.7573927753308383
4,FAIL,0.5446588243594451
