input,result,time
1,FAIL,0.8571383416807483
2,PASS,0.9323305514715877
3,PASS,1.4497622045390246
4,FAIL,0.9398227302211225
