input,result,time
1,PASS,0.9810424481098726
2,FAIL,0.7982457987055127
3,FAIL,1.3625592497840948
4,PASS,1.086277321520618
