input,result,time
1,FAIL,1.1197720842759777
2,FAIL,0.7712165309311598
3,FAIL,0.5988459518769044
4,PASS,0.902908444731893
