input,result,time
1,PASS,0.6689261158645656
2,PASS,0.8740626250073257
3,PASS,0.9137802198582661
4,PASS,1.186380230000473
