input,result,time
1,FAIL,1.0626150910312333
2,PASS,0.922012019668798
3,FAIL,1.2494346220056882
4,FAIL,0.5667103465422345
