input,result,time,image_size
1,FAIL,0.9536968445560453,1552
2,FAIL,1.0365792111087222,2666
3,FAIL,1.3966712930403422,676
4,PASS,1.4903389473967044,1118
