input,result,time,image_size
1,FAIL,0.5353624357554909,3931
2,PASS,0.9304024395080612,1937
3,FAIL,1.0100168523182502,2979
4,PASS,1.0361774947034519,916
