input,result,time
1,FAIL,0.5246145280298246
2,FAIL,1.1197720842759777
3,FAIL,0.7712165309311598
4,FAIL,0.5988459518769044
