input,result,time
1,PASS,0.6674358194595392
2,PASS,1.321903908407869
3,FAIL,1.2005286228178629
4,FAIL,1.3830775973191352
