input,result,time
1,PASS,1.1946466513738965
2,PASS,1.2365733630422215
3,FAIL,1.3439686276120404
4,FAIL,1.0394257808850114
