test_case,result_difference,time_difference
1,0.10868114823074997,0.025584791883687535
2,0.8619204048016027,-0.051252851794999714
3,-0.2347396703149473,-0.00901474076599344
4,0.26504595668216213,0.020814567566914424
