input,result,time
1,PASS,0.6728074676627582
2,FAIL,1.3451146522133532
3,FAIL,1.0914808646229384
4,PASS,1.0218917329794674
