input,result,time
1,PASS,0.6186155183657659
2,PASS,1.4382561369639624
3,FAIL,0.7445696090205628
4,FAIL,0.958212259758612
