input,result,time
1,PASS,1.182326579062559
2,PASS,1.3057023380386776
3,PASS,1.1714275461256203
4,PASS,0.9224074947686646
