input,result,time
1,PASS,0.7088767560948347
2,PASS,0.6613095178849963
3,PASS,1.1531083254653984
4,FAIL,0.7532916025397821
