input,result,time
1,FAIL,0.5391877922543207
2,FAIL,0.7828069625764096
3,FAIL,0.6201965612131689
4,FAIL,0.7961401975221449
