input,result,time
1,PASS,1.0117926208741916
2,PASS,0.9147654152420331
3,PASS,1.2025879658956717
4,FAIL,0.6283188587481878
