input,result,time
1,PASS,0.9644229079205274
2,FAIL,1.1309798912879745
3,PASS,0.5834773237777815
4,PASS,1.3448479852657946
