input,result,time
1,PASS,1.344234961553024
2,PASS,0.6390727011486128
3,PASS,0.9269043602110737
4,PASS,1.3428548878354571
