input,result,time
1,FAIL,0.5054948178091627
2,FAIL,0.7762476674692543
3,PASS,0.8626929347939404
4,FAIL,1.276749669046776
