input,result,time
1,FAIL,1.14422317792982
2,PASS,0.6220856068364672
3,PASS,0.7596002334976195
4,PASS,0.560077964313258
