input,result,time
1,FAIL,0.8988475267787729
2,PASS,0.8184504825941333
3,FAIL,0.6031931315805867
4,PASS,0.809852509325189
