input,result,time
1,FAIL,0.598610368722811
2,PASS,1.3010748802553047
3,FAIL,0.5411797913281217
4,PASS,1.3164210312143556
