input,result,time
1,FAIL,1.32875361875833
2,FAIL,0.568811967947861
3,PASS,0.8532384332583062
4,PASS,0.5943199680456651
