input,result,time
1,PASS,0.7379725429346353
2,FAIL,1.261926511449599
3,PASS,1.3907643464500934
4,FAIL,1.3061241514404442
