input,result,time
1,FAIL,1.157519895380428
2,FAIL,0.6978721585848523
3,PASS,0.6218791756491328
4,FAIL,1.4317764513967939
