test_case,result_difference,time_difference
1,-0.10252936736104923,-0.03404398916667725
2,-1.1135332782448881,0.13577598371054644
3,-0.03417043548826106,0.03492303489478174
4,-1.1595982637500173,-0.02618337005045998
