input,result,time,image_size
1,FAIL,0.8798939037860174,547
2,PASS,1.0604505887097804,2769
3,PASS,1.168218229542771,1687
4,PASS,0.7867166830403943,2621
