input,result,time,image_size
1,FAIL,1.2507648618863518,2034
2,PASS,1.1995750602247512,540
3,FAIL,1.467965566604227,1946
4,FAIL,1.4944007896476794,3415
