input,result,time,image_size
1,FAIL,1.1001932091827897,1636
2,FAIL,1.1540819314864814,2694
3,FAIL,0.8730397772597123,544
4,FAIL,1.168233972949277,3665
