input,result,time
1,FAIL,1.4426030222893513
2,FAIL,0.7329198837485957
3,FAIL,1.2271884547146517
4,PASS,0.6285627745380055
