input,result,time,image_size
1,FAIL,1.4795867288127285,1443
2,PASS,0.8594444639693215,3294
3,PASS,0.9808935308361628,2683
4,PASS,1.1886611828057703,2499
