input,result,time,image_size
1,FAIL,1.1188085645913572,2375
2,FAIL,0.974867515408942,2232
3,PASS,0.9701321892557652,1688
4,PASS,1.2160745312286432,1103
