input,result,time,image_size
1,PASS,0.5318389295313078,1020
2,PASS,0.6646941564979127,3363
3,PASS,1.1214784014997634,3698
4,FAIL,1.0772285886041675,2334
