input,result,time
1,FAIL,1.4338463614733143
2,PASS,1.273853891491353
3,PASS,0.8588615787927953
4,PASS,1.4088765512228052
