input,result,time
1,FAIL,0.8371611555415661
2,FAIL,1.280156336829902
3,PASS,1.0863273825544049
4,FAIL,1.1876424839678832
