input,result,time
1,FAIL,1.4674006017456545
2,PASS,1.4616061156066622
3,PASS,1.1502003358335975
4,PASS,1.0059079841180887
