input,result,time
1,FAIL,0.6940328306112724
2,FAIL,1.3270300274259452
3,FAIL,0.6704871736971109
4,FAIL,1.2012486966721987
