input,result,time,image_size
1,PASS,1.1800555694634123,3158
2,PASS,0.9491977382183721,4045
3,FAIL,1.4785709284207171,3449
4,PASS,0.6162019096123944,2157
