input,result,time,image_size
1,FAIL,1.2034947841347021,2108
2,PASS,0.6816312004920487,912
3,FAIL,1.0123934632959037,3640
4,PASS,1.0804471371881301,3442
