input,result,time,image_size
1,FAIL,0.5503700567575438,1020
2,PASS,1.1990980747185112,3363
3,FAIL,1.4923963988886326,3698
4,PASS,0.7672625378814782,2334
