input,result,time
1,PASS,0.8695235401396495
2,PASS,0.8798939037860174
3,FAIL,1.0604505887097804
4,PASS,1.168218229542771
