input,result,time
1,FAIL,0.9917840356355769
2,FAIL,0.6311162289671456
3,PASS,0.7484254759736073
4,FAIL,0.7767949014674991
