input,result,time
1,PASS,0.914171586740724
2,FAIL,1.0538047735443508
3,FAIL,0.8318172257045928
4,PASS,1.325642993377006
