input,result,time
1,FAIL,0.5968039531783742
2,FAIL,0.8433917287909161
3,PASS,1.0910269008704914
4,PASS,1.1591764718500284
