input,result,time
1,FAIL,0.8114493955422006
2,FAIL,0.7482765670197002
3,PASS,0.7779353572089586
4,FAIL,0.8184029346105876
