input,result,time
1,PASS,1.0433526403167694
2,PASS,1.2396325011799494
3,FAIL,1.4568705691056465
4,FAIL,0.7779899447954659
