input,result,time
1,FAIL,1.3773987891741197
2,FAIL,0.8719187485124613
3,PASS,0.5013833499989991
4,FAIL,0.7476850224923159
