input,result,time,matrix_size
1,PASS,1.1223844285660047,645
2,FAIL,1.2105284027223457,251
3,PASS,0.7049236869597018,138
4,PASS,0.8416981148647321,869
