input,result,time,matrix_size
1,FAIL,1.4450267769403915,744
2,PASS,1.4918903291546295,640
3,FAIL,0.8767412669609868,805
4,FAIL,1.4661474456271715,149
