input,result,time,matrix_size
1,FAIL,1.0692107600936254,655
2,PASS,0.8436055031480987,163
3,PASS,1.288872777719464,554
4,PASS,0.9113724140379379,365
