input,result,time
1,PASS,1.181578100223812
2,FAIL,0.9057888406214891
3,PASS,1.4824082564793295
4,PASS,1.1571411058121852
