input,result,time
1,FAIL,0.8374773817642399
2,FAIL,1.4704936935959776
3,PASS,0.633439431745604
4,PASS,0.5968039531783742
