input,result,time
1,FAIL,1.0023894574892616
2,PASS,1.4425835996979304
3,FAIL,1.1339976977446606
4,PASS,1.367289405462465
