input,result,time
1,FAIL,1.3701821785071484
2,PASS,1.0620661107547191
3,PASS,0.9562225019615531
4,FAIL,1.0961844467792436
