input,result,time
1,PASS,1.1591764718500284
2,FAIL,0.897256747168042
3,PASS,1.499277993922171
4,PASS,0.8518929961930426
