input,result,time
1,FAIL,1.3841752408568262
2,FAIL,0.6407649163672936
3,PASS,0.8652735148039427
4,PASS,1.1362741910278085
