input,result,time
1,FAIL,0.6699286621185588
2,FAIL,1.2687722230537535
3,FAIL,1.4668005974515537
4,FAIL,1.4345603745300182
