input,result,time
1,PASS,1.0896947230135507
2,FAIL,1.245398073947293
3,FAIL,1.348150380346985
4,FAIL,1.4358320802167885
