input,result,time
1,PASS,1.2566888332317059
2,FAIL,1.117576078246878
3,PASS,0.9850086133120118
4,FAIL,0.6637005753110994
