input,result,time
1,PASS,0.6979827999397948
2,PASS,0.904773628957148
3,PASS,1.1012771725737762
4,PASS,1.27193086740896
