input,result,time
1,PASS,1.0802378708634601
2,PASS,1.274879779347402
3,PASS,1.4440324664280992
4,FAIL,0.536691417869413
