input,result,time
1,FAIL,0.5370302656050168
2,PASS,0.5737869831214143
3,PASS,1.0784515481629375
4,PASS,0.8971119909960666
