input,result,time
1,PASS,1.4110913754677166
2,FAIL,0.6683761111879692
3,PASS,1.110556535529148
4,FAIL,1.0779631054223526
