input,result,time
1,PASS,0.8960597028072937
2,PASS,1.065421311858509
3,FAIL,0.6832798362140786
4,FAIL,0.6448477593433772
