input,result,time
1,FAIL,1.4441235194354545
2,FAIL,1.2499992487701004
3,FAIL,0.8394038194495186
4,FAIL,0.9895489368910937
