test_case,result_difference,time_difference
1,0.773520668364846,0.02864401904824204
2,-1.027852288855839,-0.03224027641259219
3,-1.9274586181301947,0.1463371765569456
4,0.9005967495424074,0.0036982735914618025
