input,result,time
1,FAIL,1.2510322995349188
2,FAIL,0.6559779280344565
3,PASS,0.9260023876695606
4,FAIL,1.3927071642489817
