input,result,time
1,PASS,1.130236821574098
2,PASS,0.9565991309896438
3,FAIL,1.1117915304466806
4,FAIL,1.0810185821036864
