input,result,time
1,FAIL,1.2328151240366956
2,PASS,0.5982499134520367
3,PASS,0.8661175500743158
4,PASS,1.3926398030473215
