input,result,time
1,FAIL,0.9653240726296364
2,PASS,1.1693901661637898
3,FAIL,1.3102809438971414
4,FAIL,1.2914884286505683
