input,result,time
1,PASS,0.6138166403898612
2,PASS,1.1311255415710575
3,PASS,0.6328149987686938
4,FAIL,0.8742445809714211
