input,result,time
1,PASS,0.511427458625031
2,PASS,1.2705807485027762
3,FAIL,0.646946645400375
4,PASS,0.5795220825867557
