input,result,time
1,FAIL,1.4764043865930425
2,PASS,1.1176579160958802
3,FAIL,1.0424987750103973
4,PASS,1.3546135803107144
