input,result,time
1,PASS,0.8209972413734975
2,PASS,0.7212626851837828
3,PASS,0.6412639049258967
4,FAIL,0.5972599270631739
