test_case,result_difference,time_difference
1,-0.4967284399004112,-0.13456996479826466
2,-0.18946716536955413,0.18959497915548273
3,-0.3439929126685828,0.02883798608603301
4,1.5913765176567447,0.06568411648978571
