input,result,time
1,PASS,0.7826996509455366
2,FAIL,0.5302352580059826
3,PASS,1.2103368289742134
4,FAIL,0.5078841035084404
