input,result,time
1,FAIL,0.8611064779544592
2,FAIL,0.5758500919807814
3,PASS,1.4840303014375558
4,FAIL,1.369848071213601
