input,result,time
1,PASS,1.3577226441935546
2,FAIL,0.9572234533538571
3,FAIL,1.451874476832736
4,PASS,1.0757511620448725
