input,result,time
1,FAIL,1.0145127432987566
2,FAIL,0.8679275805370413
3,PASS,0.9565198912626554
4,PASS,0.8374773817642399
