input,result,time
1,PASS,1.0970157235132671
2,PASS,1.0049149257937025
3,PASS,1.158269412697352
4,PASS,0.9104968511295926
