input,result,time,matrix_size
1,FAIL,1.0759464955561793,407
2,PASS,1.429296197576214,180
3,FAIL,0.8185689524513237,132
4,PASS,1.1674103799636817,282
