input,result,time,matrix_size
1,PASS,1.0701967704178796,739
2,FAIL,0.9386015134623203,231
3,FAIL,1.4883738380592262,968
4,PASS,0.6020448107480281,280
