input,result,time,matrix_size
1,PASS,0.9701321892557652,141
2,FAIL,1.2160745312286432,374
3,FAIL,0.7879910043632805,652
4,FAIL,0.8834622250349479,538
