input,result,time
1,FAIL,1.4624671585337337
2,PASS,1.017023394169903
3,PASS,0.7557198042079394
4,FAIL,0.6608262682766265
