input,result,time
1,PASS,1.0535419594668016
2,FAIL,0.5544981555421626
3,FAIL,0.691202197017449
4,PASS,1.1040269333595099
