input,result,time
1,PASS,0.8331451520286419
2,PASS,0.5811013899879968
3,FAIL,0.9072411714138073
4,FAIL,0.7322341421709427
