input,result,time,matrix_size
1,FAIL,0.9564095653390666,473
2,PASS,0.6533688778593457,949
3,FAIL,0.6995961421201143,539
4,PASS,0.9329842062811807,115
