input,result,time,matrix_size
1,PASS,0.5917280964922015,939
2,FAIL,0.7292760939794545,706
3,FAIL,1.185414932707772,913
4,FAIL,1.0264125392686956,820
