input,result,time
1,PASS,1.4375906181832354
2,FAIL,0.7565674742817979
3,FAIL,1.2738327728352128
4,FAIL,1.156158436303895
