input,result,time
1,FAIL,0.9491977382183721
2,PASS,1.4785709284207171
3,FAIL,0.6162019096123944
4,PASS,1.2670237035587268
