input,result,time
1,FAIL,1.3170569837942128
2,PASS,1.430941311255106
3,PASS,0.9750601299749311
4,PASS,1.2193165682364342
