input,result,time
1,PASS,1.4615893801064854
2,FAIL,0.6766308595292341
3,FAIL,0.9134359417622815
4,PASS,0.8073096595762584
