input,result,time
1,FAIL,1.167214706786675
2,PASS,1.2980790197559975
3,PASS,1.0509939701854862
4,FAIL,1.48046645884063
