input,result,time
1,PASS,1.2503431870350203
2,FAIL,0.787833762140073
3,FAIL,0.994971619411357
4,PASS,0.6862115951867233
