input,result,time
1,PASS,0.6936232904024965
2,FAIL,0.612249992587386
3,PASS,0.5423640470914433
4,FAIL,0.7277409933472865
