input,result,time
1,FAIL,1.1741662803737272
2,PASS,0.7558955338283301
3,FAIL,1.3310886361051066
4,PASS,0.7848326806650975
