input,result,time
1,FAIL,0.9807413971602644
2,FAIL,0.9545898672304828
3,FAIL,0.7096027288771956
4,PASS,0.8474596681158475
