input,result,time
1,FAIL,0.778279949223991
2,FAIL,0.8338339048999983
3,PASS,0.9910203688212962
4,FAIL,0.7168161795205236
