input,result,time
1,FAIL,1.4132113859085398
2,PASS,1.0994238796692213
3,FAIL,1.357229272224623
4,PASS,1.0331114228230338
