input,result,time
1,PASS,0.5084144961667884
2,FAIL,0.7616780580075838
3,FAIL,1.3830326171921754
4,FAIL,0.8596258352828561
