input,result,time
1,FAIL,1.2956285608004454
2,PASS,0.9710532032362801
3,FAIL,0.5884191454559154
4,FAIL,1.372259173500802
