input,result,time
1,FAIL,1.2392635793983016
2,PASS,0.5391877922543207
3,FAIL,0.7828069625764096
4,FAIL,0.6201965612131689
