input,result,time
1,PASS,0.5243131997101578
2,FAIL,0.8426109843415903
3,FAIL,1.122231058839795
4,FAIL,0.7790679482285984
