input,result,time
1,FAIL,0.6077193633349777
2,FAIL,0.6968634500519519
3,FAIL,0.6926968647398662
4,FAIL,1.4298359447599505
