input,result,time
1,FAIL,0.8429524345837538
2,PASS,0.5689939473066381
3,PASS,0.6461210429087855
4,PASS,1.4002486546049258
