input,result,time
1,PASS,0.694989443717363
2,PASS,1.023369533185458
3,PASS,1.023996323911263
4,FAIL,0.9468367794983501
