test_case,result_difference,time_difference
1,-0.1455285785229727,-0.11350267328306679
2,0.01716649940184618,-0.040096593376425904
3,0.11982565129850747,-0.09089867654778061
4,0.6496392153512618,-0.10548742305096792
