input,result,time
1,PASS,0.6480040563500312
2,FAIL,0.5856858747294225
3,FAIL,1.3096423277988296
4,FAIL,1.4049432132968231
