input,result,time
1,FAIL,0.6206649453842384
2,FAIL,0.671088717692117
3,FAIL,1.499956612757725
4,PASS,1.1822157526295198
