input,result,time
1,FAIL,0.6315759973661418
2,FAIL,1.240347196631592
3,PASS,1.3210151951243088
4,FAIL,0.8730545293052032
