input,result,time
1,FAIL,1.1152764266350972
2,FAIL,1.2924989056089164
3,FAIL,1.3356460375834756
4,PASS,0.9834589981710233
