input,result,time
1,FAIL,1.037279025355808
2,PASS,0.7745750488444898
3,FAIL,0.5086899183691596
4,PASS,0.5249447246271349
