input,result,time
1,FAIL,1.019642829449547
2,FAIL,0.8487826641705994
3,PASS,0.5246199570564557
4,FAIL,0.6488293034431752
