input,result,time
1,FAIL,0.8725722714438654
2,FAIL,1.4625400957607724
3,FAIL,0.6224265957333678
4,FAIL,1.4324851842586819
