input,result,time
1,FAIL,1.1104897350200318
2,FAIL,1.0456289245734856
3,FAIL,1.4747232374152373
4,PASS,1.180370254395195
