input,result,time
1,PASS,1.0378628755246069
2,PASS,1.0565017890787605
3,FAIL,1.2457511985021912
4,PASS,1.4667589081567587
