test_case,result_difference,time_difference
1,0.3425312333107254,-0.06506864585496679
2,-1.1167067284847196,-0.04817865627281124
3,0.003162608008426505,0.09481967705105579
4,-0.39460980546067925,-0.013492705324618208
