input,result,time
1,FAIL,0.766726943216011
2,FAIL,1.1496612589883748
3,FAIL,0.9748675001029421
4,PASS,0.9055418046135782
