input,result,time
1,PASS,0.6499413896216621
2,FAIL,1.2540903662487173
3,FAIL,1.2190770235550294
4,FAIL,1.0595705341197843
