input,result,time
1,PASS,1.3310311139953783
2,PASS,1.1605361771445402
3,PASS,0.6523644836513097
4,PASS,1.4960712710101873
