input,result,time
1,FAIL,0.9862720863293148
2,FAIL,1.0881514604352993
3,FAIL,1.4838538296816166
4,FAIL,1.1973302508300514
