input,result,time
1,PASS,0.7506214289669588
2,FAIL,1.35260935682012
3,FAIL,0.5584638786840944
4,FAIL,0.7891533737990436
