input,result,time
1,FAIL,1.2992359260698854
2,FAIL,0.5538691041875978
3,PASS,1.222657415317539
4,PASS,0.9836263057820043
