input,result,time
1,FAIL,1.354645467267679
2,FAIL,1.0206221901479686
3,FAIL,1.3857206215045899
4,PASS,0.615147948005172
