input,result,time
1,PASS,1.429066157268768
2,PASS,0.5535296202073181
3,PASS,0.6816223946456883
4,PASS,0.6122243158282885
