input,result,time
1,FAIL,0.6859830752276219
2,FAIL,0.6898276936002884
3,FAIL,1.054198756986323
4,PASS,1.0119206087812058
