input,result,time
1,FAIL,1.1651828444118888
2,FAIL,0.6648055898475378
3,PASS,0.5271977944079203
4,FAIL,0.8175036991866854
