input,result,time
1,FAIL,1.3806781230470797
2,FAIL,1.4450267769403915
3,FAIL,1.4918903291546295
4,PASS,0.8767412669609868
