input,result,time
1,FAIL,0.8304405726028439
2,PASS,1.1383901057769485
3,PASS,0.7808594946322427
4,FAIL,1.4478218871115895
