input,result,time
1,FAIL,0.9561503322165485
2,PASS,1.0684339488686485
3,FAIL,0.5187898004363551
4,PASS,1.117635497075877
