input,result,time
1,PASS,1.2421722736773777
2,PASS,0.7357544944651316
3,PASS,1.449553942468262
4,FAIL,0.6206643816480052
