input,result,time
1,FAIL,0.9783703070399881
2,FAIL,0.9973913654986627
3,FAIL,1.1394725163987236
4,PASS,0.8685846061296175
