input,result,time
1,PASS,1.4702366830961004
2,FAIL,1.1805446911927795
3,FAIL,0.5852955658587006
4,PASS,0.5564183327139662
