input,result,time
1,FAIL,0.5607713157058422
2,PASS,0.700846661503656
3,PASS,0.6929921877992126
4,FAIL,1.0248968711721473
