input,result,time,matrix_size
1,FAIL,1.3003784621072385,454
2,FAIL,1.3771309658812383,702
3,PASS,0.5934594564441174,151
4,FAIL,0.9263058803232388,914
