input,result,time,matrix_size
1,PASS,0.9755891170848437,477
2,FAIL,1.3200224358697517,331
3,FAIL,0.7981873596630641,837
4,PASS,0.6509348973110416,981
