input,result,time,matrix_size
1,FAIL,0.8354981696758996,980
2,FAIL,0.6476855782067074,143
3,PASS,0.5626360030598098,210
4,FAIL,0.7419017042014848,553
