input,result,time
1,PASS,0.9610502191524082
2,PASS,1.4351605120778257
3,FAIL,1.3847648222993798
4,FAIL,1.201977595166197
