input,result,time
1,PASS,0.6157558224046237
2,PASS,1.4558074609819014
3,FAIL,1.3480573487896859
4,PASS,0.8401506993280281
