input,result,time
1,PASS,0.7482612201684239
2,FAIL,1.0424577359718574
3,PASS,0.8730248864897249
4,PASS,0.9932372209307186
