input,result,time
1,PASS,0.8033650809271392
2,PASS,0.5030916223573049
3,FAIL,0.5136825713672132
4,PASS,1.1383177199369756
