input,result,time
1,PASS,0.7916492615163876
2,FAIL,0.7221399217612132
3,FAIL,1.3797224082996742
4,FAIL,0.6557625765734173
