input,result,time
1,FAIL,0.5661494621169547
2,FAIL,0.5656048672099256
3,PASS,1.3562761796227818
4,FAIL,0.6621202607088332
