input,result,time
1,PASS,0.5662071724655668
2,PASS,0.513865046303784
3,FAIL,1.4116567558329765
4,FAIL,0.9137584288128747
