input,result,time
1,FAIL,1.41602336963347
2,FAIL,0.8234780784923016
3,FAIL,1.1827553511108366
4,FAIL,0.5264932620125451
