input,result,time
1,FAIL,1.0551938823233695
2,FAIL,0.9169339521288016
3,FAIL,0.900469710294134
4,FAIL,1.1953464681395298
