input,result,time
1,PASS,0.6503497568713703
2,FAIL,1.0582834241692485
3,PASS,0.9283785131058563
4,PASS,1.4231590211737402
