input,result,time
1,PASS,1.4134942859951831
2,PASS,1.0488465788458954
3,FAIL,0.854670975356567
4,FAIL,1.3304873447451608
