input,result,time
1,FAIL,1.2839710776367523
2,FAIL,1.3967944971174258
3,FAIL,0.6351126334453125
4,FAIL,1.3629943909288293
