test_case,result_difference,time_difference
1,0.3665315765405997,0.0019878027966767136
2,0.4545240371252451,0.0018056233806424166
3,-0.6606615541344741,0.005223521286521245
4,1.8348120218287811,0.06471928837017889
