input,result,time
1,FAIL,1.4163403298365742
2,PASS,0.7593773841415202
3,FAIL,1.2581937163538237
4,FAIL,0.9598752073945209
