input,result,time
1,FAIL,0.8598097672410472
2,PASS,1.3878650314643886
3,PASS,0.798589847846449
4,FAIL,0.8719347798490689
