input,result,time
1,PASS,1.406231419787284
2,FAIL,1.3163643055198562
3,FAIL,1.0525813325105045
4,PASS,1.351808582757243
