input,result,time
1,FAIL,0.6360359943285779
2,PASS,1.281003060356188
3,FAIL,1.0330957322206697
4,PASS,0.7967126135330964
