input,result,time
1,FAIL,0.8642269350856456
2,PASS,0.849495812200617
3,PASS,1.2316485442113634
4,FAIL,1.4792543824029485
