input,result,time
1,PASS,0.6049907393054552
2,FAIL,0.8926923068823239
3,PASS,1.0515699607611761
4,PASS,0.6230167591764942
