input,result,time,image_size
1,FAIL,0.9348266364174734,2109
2,FAIL,0.9138010201694478,2730
3,PASS,0.9150326178384658,1271
4,FAIL,0.5320556187840516,912
