input,result,time,image_size
1,PASS,0.7352628439650843,3029
2,FAIL,0.5588702833010515,695
3,PASS,0.6238444175177672,3780
4,FAIL,1.3567552470696485,623
