input,result,time,image_size
1,PASS,1.4367464737894553,1360
2,FAIL,0.9473782946071331,1602
3,FAIL,1.2276963431316488,1992
4,PASS,1.242237977931683,1523
