input,result,time
1,FAIL,0.8472335179322196
2,FAIL,0.648140860948165
3,FAIL,1.481829389818253
4,FAIL,0.9783703070399881
