input,result,time
1,PASS,0.7864088618764157
2,PASS,0.985378519895801
3,FAIL,0.7119826288751848
4,FAIL,1.166618675186136
