input,result,time
1,FAIL,1.105658416999092
2,FAIL,1.3196039529993007
3,FAIL,0.981510439949918
4,PASS,1.2328713299221465
