input,result,time
1,FAIL,1.384774282692552
2,PASS,0.5052741562476073
3,PASS,0.7325808561341637
4,FAIL,1.0961570784671975
