input,result,time
1,FAIL,1.1667667154456676
2,FAIL,1.1706378696181594
3,FAIL,0.7103825610738409
4,FAIL,0.6289262976548533
