input,result,time
1,FAIL,0.5761621444321285
2,FAIL,0.9112246338884988
3,PASS,1.109160071081679
4,PASS,1.0773470547356399
