input,result,time
1,PASS,0.6812676621478424
2,PASS,0.9013882466247205
3,PASS,1.1155972191096448
4,FAIL,1.4465570860740016
