input,result,time
1,FAIL,0.6146809874288454
2,PASS,0.7907614696974765
3,FAIL,1.1959742184743432
4,FAIL,0.8327768464981666
