input,result,time
1,FAIL,1.4185266283960603
2,FAIL,0.7814161142143904
3,PASS,1.1906535435911851
4,FAIL,0.9006574116898545
