input,result,time
1,FAIL,0.7877463221161809
2,FAIL,0.7933689158560076
3,PASS,0.5118136371714654
4,PASS,0.5940238805164284
