input,result,time
1,PASS,0.7586840668894077
2,PASS,1.349038308428511
3,PASS,0.5333046265466962
4,FAIL,1.4589827218634737
