input,result,time
1,FAIL,1.4806043132836553
2,PASS,1.099605918802717
3,FAIL,1.0969393858081797
4,FAIL,0.8948864367199743
