input,result,time
1,FAIL,0.6856359443059522
2,FAIL,1.4527916569719446
3,FAIL,1.1874882763878154
4,PASS,0.7155076771135584
