input,result,time,image_size
1,PASS,0.8253103051589964,2179
2,FAIL,1.4528706723868425,3468
3,FAIL,0.5139483959334153,3812
4,FAIL,1.033465681750929,2929
