input,result,time,image_size
1,PASS,1.2103368289742134,3842
2,PASS,0.5078841035084404,3916
3,FAIL,0.8726790698209955,1181
4,PASS,1.0305372145627818,2057
