input,result,time,image_size
1,PASS,0.9530942454488784,885
2,PASS,0.9939578339872235,3744
3,FAIL,1.2781715954502542,2986
4,FAIL,1.344234961553024,1919
