input,result,time
1,FAIL,1.4804856634690067
2,FAIL,0.5964508606973842
3,PASS,1.3634706491935857
4,FAIL,1.0665061069891628
