input,result,time
1,PASS,0.8970136667776334
2,PASS,1.2044015394011738
3,PASS,0.7848855205537312
4,FAIL,0.6039880775434204
