input,result,time
1,FAIL,1.252227088936186
2,PASS,0.5402493664398811
3,FAIL,1.151909181570308
4,PASS,0.88673590313437
