input,result,time
1,PASS,0.5698143029596949
2,FAIL,0.7264912779410216
3,PASS,0.9811019640158117
4,FAIL,0.7515227381686128
