input,result,time
1,FAIL,1.4669559479667331
2,FAIL,0.914438025228521
3,PASS,0.8553798150610512
4,FAIL,0.5438624297663825
