input,result,time
1,FAIL,1.2303697637073254
2,FAIL,1.266004742345731
3,PASS,0.6058318226325264
4,FAIL,1.2678801545123188
