input,result,time
1,PASS,1.1844985465240676
2,FAIL,0.9173331420625958
3,PASS,0.8830663595637696
4,PASS,0.8931224152234171
