input,result,time
1,FAIL,0.7899134495919554
2,FAIL,1.0777094243168404
3,PASS,1.279179433301834
4,FAIL,1.295590368543213
