input,result,time
1,PASS,0.5468063547121887
2,PASS,1.4707314427706328
3,FAIL,0.5038603515102611
4,FAIL,0.6785799680576563
