input,result,time
1,FAIL,1.483202738290118
2,PASS,0.9486006620177172
3,PASS,0.5424896082381582
4,FAIL,0.6175459407560635
