input,result,time
1,FAIL,0.6612182132925181
2,PASS,0.5930671400778321
3,PASS,0.691173764997013
4,PASS,1.097950900679121
