input,result,time
1,PASS,0.6751687590420126
2,PASS,1.1643115591541748
3,PASS,1.353350959164163
4,FAIL,0.7084324533197366
