input,result,time
1,FAIL,1.4970463442051005
2,PASS,0.7205055782157935
3,PASS,0.8125627484571776
4,PASS,0.7084140142021084
