input,result,time
1,FAIL,1.0210366062041292
2,FAIL,0.5543379883392536
3,PASS,0.6999965248964001
4,PASS,0.518521794460614
