input,result,time
1,FAIL,0.6646142104169485
2,PASS,0.5835091194120456
3,PASS,1.297267429418817
4,FAIL,1.171849309521486
