input,result,time
1,FAIL,1.197636881515471
2,FAIL,1.1648574757163002
3,FAIL,0.7719564347583507
4,PASS,0.9256303514649916
