input,result,time
1,FAIL,0.794266164129689
2,FAIL,0.935353466325157
3,PASS,1.2954565267763147
4,PASS,1.1775083559940103
