input,result,time
1,PASS,1.1004710432403804
2,FAIL,0.8815222070708323
3,FAIL,1.367580851341647
4,PASS,0.8130988817359902
