input,result,time
1,PASS,0.6521148178093263
2,FAIL,0.9769006302736435
3,PASS,1.2219364483282102
4,PASS,1.4908096218075018
