input,result,time
1,PASS,0.7939912529790484
2,FAIL,1.4245052110687335
3,PASS,0.85107373598278
4,PASS,1.1522451880766584
