input,result,time
1,PASS,1.077284014542982
2,PASS,0.6696781155740699
3,PASS,0.6594690923411588
4,PASS,0.9170297411919935
