input,result,time,matrix_size
1,PASS,1.0058663838253084,807
2,PASS,0.8103808259798114,272
3,PASS,0.8730348638807475,823
4,PASS,1.0249704422542643,401
