input,result,time
1,FAIL,1.0438059500773265
2,PASS,0.9569114216457658
3,PASS,1.3820414102298897
4,FAIL,0.9586039617685859
