input,result,time,matrix_size
1,PASS,0.6770057815674959,897
2,FAIL,0.9835181274274587,255
3,PASS,0.6403160179234194,231
4,PASS,0.8589952783396321,133
