input,result,time,matrix_size
1,FAIL,1.38770083572732,591
2,PASS,1.138609177641413,706
3,FAIL,0.9299967804707131,570
4,PASS,0.5357426825004837,356
