input,result,time
1,PASS,1.1991091802786022
2,PASS,0.8642537079770729
3,FAIL,0.925025621263039
4,PASS,1.2058593983012416
