input,result,time
1,PASS,1.1839796113664751
2,FAIL,1.0383684384690157
3,PASS,1.0724502181565558
4,FAIL,0.7247773283926646
