input,result,time
1,FAIL,0.9186368635700265
2,FAIL,0.5053100476146678
3,FAIL,0.5113551285121926
4,PASS,1.0112217875736866
