input,result,time
1,PASS,1.4414392916839431
2,PASS,0.5756106730650844
3,FAIL,0.9608030422931906
4,FAIL,0.6296190485167601
