input,result,time
1,PASS,0.5312925279097738
2,FAIL,0.6651081273719203
3,FAIL,1.4586012891469076
4,PASS,1.0927912915489684
