input,result,time
1,FAIL,1.2689989227058565
2,PASS,0.5831647718081091
3,PASS,1.4747744225104564
4,PASS,0.5492852590735585
