input,result,time
1,FAIL,0.8735378071525843
2,FAIL,1.2080112400693306
3,FAIL,0.5758042631193891
4,PASS,1.3952968367541416
