test_case,result_difference,time_difference
1,-0.39387816656282026,0.07049036244533034
2,-1.325369493868572,0.05371150131365961
3,0.01752005047204274,-0.049750549871776406
4,1.1519318251823916,0.03869994039305284
