input,result,time
1,FAIL,1.1787698374969278
2,PASS,0.6906014103915049
3,FAIL,0.5914579299639184
4,FAIL,1.247141869179192
