input,result,time
1,FAIL,1.4657342779802807
2,FAIL,1.1201258805682415
3,PASS,1.1174972676672859
4,PASS,1.4853785645671058
