test_case,result_difference,time_difference
1,-0.37218833997613654,0.19738102016463438
2,0.22220748776697352,-0.042858594577400363
3,0.8244591817138414,0.029181690019556224
4,1.4612840742614817,-0.11648407075398609
