input,result,time
1,FAIL,1.1963236850805055
2,FAIL,0.8663243708307546
3,FAIL,1.0291742697126565
4,PASS,1.0428064687528136
