input,result,time
1,FAIL,1.0112217875736866
2,FAIL,0.5832909797189992
3,PASS,0.5510754801692568
4,FAIL,1.4655166391374732
