input,result,time
1,FAIL,1.14150088477126
2,PASS,0.5052059793598251
3,PASS,1.2932906525140861
4,FAIL,0.8356877784624941
