input,result,time
1,PASS,0.8442891646989389
2,FAIL,1.0488492673993046
3,FAIL,1.3152250407163728
4,PASS,0.598610368722811
