input,result,time
1,FAIL,0.9918922317083445
2,FAIL,1.3989610922270317
3,FAIL,0.6855178975231763
4,FAIL,1.0326685874713606
