input,result,time
1,FAIL,1.0881576704911717
2,FAIL,0.5342670403522295
3,PASS,1.4985265777083543
4,PASS,0.6315759973661418
