input,result,time
1,FAIL,0.8129534571101282
2,FAIL,1.114736496536623
3,PASS,0.8703742686916093
4,FAIL,0.9852116730530052
