input,result,time
1,PASS,1.230709099127476
2,PASS,1.3817202123338397
3,PASS,0.7724368954659625
4,PASS,0.8790568960774285
