input,result,time
1,FAIL,0.6988922177674481
2,PASS,1.1568383469519832
3,PASS,0.6064953137710604
4,FAIL,1.1509140038575056
