input,result,time
1,FAIL,1.4795269293354587
2,FAIL,0.6746583853950058
3,PASS,0.8279880009080797
4,PASS,1.1803486660150015
