input,result,time
1,FAIL,1.1964631446525007
2,FAIL,0.7473987555391537
3,PASS,0.5396155225795177
4,PASS,0.5599442982495733
