input,result,time
1,FAIL,1.101372675531234
2,FAIL,0.5904925859834729
3,PASS,0.9545371533102854
4,FAIL,0.6126511988706648
