input,result,time
1,FAIL,0.6523918051707975
2,PASS,1.3389113310601504
3,FAIL,0.7958879587401984
4,FAIL,1.4139044155656504
