input,result,time
1,FAIL,0.8663890377050466
2,FAIL,0.9585972786695052
3,PASS,1.372797150670146
4,FAIL,0.6804705421589702
