input,result,time
1,FAIL,0.7902480425599284
2,FAIL,0.8041735573892466
3,PASS,1.09106538083399
4,PASS,1.4217190668708333
