input,result,time
1,FAIL,1.4148630878333828
2,FAIL,0.5493489467884397
3,FAIL,0.7928885650270147
4,FAIL,1.2150525974651671
