input,result,time
1,FAIL,1.4682043910905087
2,PASS,0.7261963008420064
3,PASS,0.5157382396704625
4,PASS,0.8258548420037962
