input,result,time
1,FAIL,1.3155238187685687
2,FAIL,0.6594144634489559
3,PASS,1.1288984390617003
4,PASS,0.8984342586196771
