input,result,time
1,FAIL,1.1509283280479523
2,PASS,1.001714187129754
3,PASS,0.8775618170717734
4,PASS,1.074402772997097
