test_case,result_difference,time_difference
1,-0.4223235537527973,0.05861917677823761
2,-0.5560507538816686,0.205769310635973
3,-1.032860104415309,0.017028511640611938
4,1.0831347302620988,0.20874506257810818
