input,result,time
1,PASS,1.3119029984023962
2,FAIL,1.2560736911469796
3,PASS,1.3197570124185005
4,FAIL,1.2148351060277283
