input,result,time
1,FAIL,1.4458134085934113
2,FAIL,1.128566260666879
3,PASS,1.2994218724637552
4,PASS,1.2669888489723555
