test_case,result_difference,time_difference
1,0.8972420981670503,-0.02719264066854701
2,-0.335908305849869,-0.19104737925457127
3,-1.0601879999297015,-0.08295118488447652
4,0.5612289983481082,-0.14502614863916202
