input,result,time
1,PASS,0.8006511586967668
2,FAIL,1.300798599067631
3,FAIL,1.0488463284661673
4,PASS,0.9733262004491432
