input,result,time
1,FAIL,0.8777586920966924
2,PASS,0.9974548387657889
3,PASS,1.4881924181265407
4,FAIL,1.1638667241087544
