input,result,time
1,PASS,1.2511297281811022
2,PASS,1.0895884663605544
3,PASS,0.6624788788148186
4,FAIL,0.8120420616330382
