input,result,time
1,PASS,0.8654735253259935
2,FAIL,1.1979152283282977
3,PASS,0.7746221102480437
4,FAIL,1.361405895641521
