input,result,time
1,FAIL,1.2486060058295778
2,PASS,0.9526535292056957
3,FAIL,1.2137177590011357
4,FAIL,1.4154076488518006
