input,result,time
1,FAIL,0.7657813825886495
2,FAIL,1.265885304699336
3,PASS,1.1575503859150102
4,PASS,1.3206833599615864
