input,result,time
1,FAIL,0.7605476383656826
2,PASS,1.0599474107895883
3,FAIL,0.9782156398457756
4,FAIL,0.9459726606003607
