input,result,time
1,PASS,0.8621890589393894
2,FAIL,0.9706489492139095
3,PASS,0.8782451749234618
4,FAIL,1.4795269293354587
