input,result,time
1,FAIL,0.7636783899086463
2,FAIL,0.6679682439089931
3,PASS,1.3568910154845657
4,FAIL,0.764104190550014
