input,result,time
1,FAIL,1.211870450893322
2,PASS,0.5537335473537354
3,FAIL,0.896222744661744
4,FAIL,0.6674358194595392
