input,result,time
1,PASS,0.9834589981710233
2,PASS,1.38118825140944
3,FAIL,1.4164190107011054
4,PASS,0.7715510954247814
