input,result,time
1,FAIL,0.5911364061293068
2,FAIL,0.5929786709066801
3,PASS,1.4042874658222364
4,PASS,0.9493691779610771
