input,result,time
1,FAIL,0.9983549390566548
2,FAIL,0.9967862936181475
3,PASS,1.2097382920447242
4,PASS,0.7402701547254168
