input,result,time
1,PASS,1.1170596792638465
2,PASS,0.9722903862895588
3,FAIL,1.1463208098872277
4,FAIL,0.9034851981773661
