input,result,time
1,FAIL,0.5196916427237037
2,PASS,0.5408748600940183
3,PASS,0.7578216943085364
4,FAIL,1.2402449976749566
