input,result,time
1,FAIL,0.9871481269173746
2,FAIL,1.4903685221395797
3,FAIL,1.4121509530115888
4,PASS,0.6183494340194691
