input,result,time
1,FAIL,1.0043863235561108
2,FAIL,1.0576508144925705
3,PASS,0.8178728472991873
4,FAIL,1.1141750023638415
