input,result,time
1,FAIL,0.7836191455309717
2,FAIL,0.7609085892286507
3,FAIL,0.6704792132790183
4,FAIL,1.3018705034394569
