input,result,time
1,PASS,0.9598752073945209
2,FAIL,1.0736097469668153
3,FAIL,1.455046681006283
4,FAIL,1.4792863199891775
