input,result,time
1,PASS,0.9342548397911752
2,FAIL,1.4427454821045709
3,FAIL,1.0353640948432747
4,FAIL,0.7949547313956241
