test_case,result_difference,time_difference
1,0.8969600945366603,-0.3255207196226418
2,1.1634554530751426,0.03394532735653858
3,-0.8379548726021578,0.05044426550454987
4,-0.23542132888838688,-0.10022066297791482
