test_case,result_difference,time_difference
1,0.00797774679145641,0.1698401857384039
2,0.2917912298058865,-0.0022390501783986876
3,-0.8091976256595196,-0.03225715391149341
4,-1.6896508822637002,-0.011732947812639468
