input,result,time
1,FAIL,1.4958127294832733
2,FAIL,1.1571857904622997
3,FAIL,0.9209270640798972
4,FAIL,1.3880238522670358
