input,result,time
1,PASS,1.2422715692297919
2,PASS,0.5230075418456952
3,PASS,0.6338877743862745
4,FAIL,0.5252101687913501
