test_case,result_difference,time_difference
1,0.6000181990805334,0.07420473795378789
2,-1.6898111646062928,0.06657911355154238
3,0.27837514230094945,0.0174740905754392
4,0.8322976236718396,0.012211621755062047
