input,result,time
1,PASS,0.6536943050077965
2,FAIL,1.2304421765667943
3,PASS,1.1462644373146849
4,FAIL,0.7148807367505782
