input,result,time
1,FAIL,0.9200753697906107
2,FAIL,0.5505881150542372
3,FAIL,0.8654961062634103
4,FAIL,0.5166279737338673
