input,result,time
1,PASS,1.27778326661679
2,PASS,0.5710879006301196
3,PASS,0.8424065656010231
4,FAIL,0.9790215054529672
