input,result,time
1,FAIL,1.1143675117683143
2,FAIL,0.5678558177037755
3,FAIL,1.452215814760112
4,FAIL,1.0280819279093862
