input,result,time
1,FAIL,1.4253950252924406
2,FAIL,1.1646655865344386
3,PASS,0.9230544401661211
4,PASS,0.698990939925484
