input,result,time
1,FAIL,1.2201933964666272
2,FAIL,0.8653447567976322
3,FAIL,0.8426002666894206
4,PASS,0.9070361353117697
