test_case,result_difference,time_difference
1,0.9501094339389491,-0.17271422606291817
2,1.3527630463538143,0.12029291420348864
3,0.9277032086656846,0.06382163576376611
4,0.043016485614398456,-0.0280078070420132
