input,result,time
1,FAIL,1.1691423715745954
2,PASS,1.0592286343575603
3,FAIL,1.2278277849045818
4,PASS,0.9148982682695693
