input,result,time
1,PASS,1.4040443929009578
2,FAIL,1.1900250201912272
3,PASS,1.1996220542505167
4,PASS,0.8277204015571189
