input,result,time
1,FAIL,0.9706473539773223
2,FAIL,1.1979938197549007
3,FAIL,1.0418223987881583
4,FAIL,1.0423404507421514
