input,result,time
1,PASS,1.2255735341014895
2,PASS,0.5385572460589984
3,PASS,1.273110052505419
4,PASS,0.7168702500910407
