input,result,time
1,PASS,1.1526462766304562
2,FAIL,1.1722345280783888
3,FAIL,0.6176098434290482
4,PASS,1.4783226678638837
