input,result,time
1,FAIL,1.422111461767193
2,PASS,0.5894945450329001
3,PASS,0.9059423219682837
4,PASS,0.5243131997101578
