input,result,time
1,FAIL,1.2557379812769747
2,FAIL,0.8784033699154115
3,PASS,1.1009336864596402
4,PASS,0.969169848250196
