input,result,time
1,PASS,1.0349498174948404
2,PASS,0.889791444940793
3,FAIL,1.3005445255305743
4,FAIL,1.2311571458516333
