input,result,time
1,PASS,1.3464261639788648
2,FAIL,0.5581764023767114
3,PASS,1.274803857161151
4,FAIL,0.947503439978202
