input,result,time
1,FAIL,0.911921064218502
2,FAIL,0.5481465177319399
3,PASS,1.2442213022097541
4,PASS,1.4810633000942148
