input,result,time
1,PASS,1.0659566107693983
2,FAIL,1.1931591333137321
3,FAIL,1.2082713985306244
4,PASS,0.6615948112944108
