input,result,time
1,PASS,1.4758838684185334
2,FAIL,1.4325612038573405
3,FAIL,0.8917969385646658
4,PASS,0.7421785941260854
