input,result,time
1,FAIL,0.5189622890146718
2,FAIL,1.3416630778662921
3,PASS,0.7972762956422086
4,FAIL,1.26245176961452
