input,result,time
1,FAIL,0.8267397873787165
2,FAIL,1.1757676267084105
3,FAIL,0.6596113843542396
4,FAIL,1.1244715186598802
