input,result,time
1,PASS,1.2997958845706181
2,FAIL,0.5769564469866327
3,PASS,1.018835148831526
4,FAIL,0.8068100995451961
