test_case,result_difference,time_difference
1,-1.2049377289604655,0.25223488309905034
2,0.9229748044388383,0.09832332709825717
3,0.13374323958719858,-0.18010212862326658
4,-1.6571860632258721,0.10077237303712616
