input,result,time,matrix_size
1,FAIL,1.1971416168283548,739
2,PASS,1.3970701046031435,437
3,FAIL,0.6210598796010854,257
4,PASS,0.7415456864939632,624
