input,result,time,matrix_size
1,PASS,1.1756891476442668,852
2,PASS,0.7448894794200994,294
3,PASS,0.7164572609442098,373
4,PASS,0.6660478245212457,120
