input,result,time,matrix_size
1,FAIL,1.1837264472760463,240
2,PASS,0.6024462817719304,844
3,FAIL,0.8970258322826741,325
4,FAIL,0.7766497302091896,927
