test_case,result_difference,time_difference
1,-0.012201397615261466,0.054190358282516796
2,0.20199810697008583,-0.0003356452192765858
3,0.1389093270928552,-0.020574453209230643
4,-0.9375261309936568,-0.10398715350212731
