input,result,time
1,PASS,0.9882642460394454
2,PASS,1.4930443916502236
3,FAIL,1.4714873142537923
4,PASS,0.7744211122377437
