input,result,time
1,FAIL,1.3245084703124685
2,FAIL,1.393751610059918
3,PASS,0.5005744609148287
4,PASS,1.197198606993756
