test_case,result_difference,time_difference
1,1.1224432522850967,-0.046995703767722774
2,0.1719012291816289,-0.06962576829282512
3,-0.8690688238786386,0.06581547422135738
4,-0.5560606910206706,0.06496299488758536
