input,result,time
1,FAIL,0.9041215542337121
2,FAIL,0.6168671485397271
3,FAIL,0.9124814883183261
4,PASS,1.3436583448593655
