input,result,time
1,FAIL,1.0981441336066549
2,FAIL,1.1930655224565014
3,FAIL,0.6529461691070537
4,PASS,0.990829819939716
