input,result,time
1,PASS,0.8103808259798114
2,PASS,0.8730348638807475
3,FAIL,1.0249704422542643
4,PASS,1.2505950229289875
