input,result,time
1,FAIL,1.1529997609452431
2,FAIL,0.8442891646989389
3,PASS,1.0488492673993046
4,FAIL,1.3152250407163728
