input,result,time
1,FAIL,0.8220173357653118
2,PASS,1.1113274201976209
3,FAIL,0.8676261733862233
4,FAIL,1.2262271830954212
