input,result,time
1,FAIL,1.0173085172022889
2,FAIL,0.9240889884358493
3,FAIL,1.054687808661419
4,FAIL,0.7870515199196297
