input,result,time
1,PASS,0.5439754320240906
2,FAIL,1.3795214830237301
3,PASS,1.020081416635673
4,PASS,0.5306610483257179
