input,result,time
1,FAIL,1.0559376888086067
2,PASS,1.2416031071523237
3,PASS,1.2705440616163655
4,PASS,1.408248379234579
