input,result,time
1,FAIL,0.8000289194759296
2,FAIL,0.660467643887601
3,FAIL,1.38630466608656
4,FAIL,0.9463944154832029
