input,result,time
1,PASS,0.5168716733700397
2,PASS,1.19648243070145
3,FAIL,1.3136786497018633
4,FAIL,1.0098071966215842
