input,result,time
1,FAIL,1.0062502109881448
2,FAIL,0.6441790463417044
3,PASS,0.896234481771571
4,PASS,0.6489748696772019
