input,result,time
1,PASS,1.3694885305466322
2,FAIL,0.9541623969075518
3,FAIL,0.8267008817682601
4,PASS,0.7327441292790569
