input,result,time
1,PASS,0.6930455185945928
2,FAIL,1.219188419098649
3,FAIL,1.4688600581286007
4,FAIL,1.1370949777913593
