input,result,time
1,PASS,0.5090439064848948
2,FAIL,0.9757696986213492
3,PASS,0.5980486114030689
4,PASS,1.2991251253122575
