input,result,time,matrix_size
1,PASS,0.5971012757930613,710
2,FAIL,1.337944907498804,654
3,FAIL,0.5960984078939631,468
4,PASS,1.4764594650133958,301
