input,result,time,matrix_size
1,FAIL,0.6716296772614405,136
2,FAIL,1.0210366062041292,868
3,FAIL,0.5543379883392536,559
4,FAIL,0.6999965248964001,390
