input,result,time,matrix_size
1,FAIL,0.7497962756549781,989
2,FAIL,0.813218331945951,986
3,FAIL,1.465416220519927,217
4,PASS,1.0884650850687494,545
