input,result,time
1,FAIL,1.290348948945807
2,PASS,1.3058039935774652
3,PASS,0.769415734884536
4,PASS,1.3367323950836976
