input,result,time
1,FAIL,0.5387484373801154
2,FAIL,1.0809115986887008
3,PASS,1.0141334798381538
4,FAIL,1.2714820235100008
