input,result,time
1,FAIL,0.7476850224923159
2,PASS,0.8182335091770624
3,PASS,1.358777468231902
4,PASS,0.958503167066445
