input,result,time,image_size
1,PASS,0.6741119522271323,1937
2,PASS,0.975289441908616,2979
3,PASS,1.2836479651212873,916
4,FAIL,1.0564294271917407,1453
