input,result,time,image_size
1,PASS,0.5972599270631739,3115
2,FAIL,1.4840422413641465,2592
3,FAIL,0.7603409275874047,3595
4,PASS,1.0370225213757798,2152
