input,result,time,image_size
1,FAIL,0.6864582194893385,1098
2,PASS,1.3075802688587874,2356
3,PASS,1.247079470139234,1518
4,FAIL,1.174847345928692,4017
