test_case,result_difference,time_difference
1,0.15347398670904724,-0.08407400080297063
2,-0.46776442396253304,0.05769548464246488
3,-0.7893714999605903,-0.2102358189789425
4,-0.4922789606370038,0.005766429593693761
