input,result,time
1,PASS,0.9748848776526804
2,FAIL,0.9358830084547164
3,PASS,0.8086577968963056
4,PASS,1.4569415923802849
