input,result,time
1,PASS,0.5599442982495733
2,FAIL,0.5610785370667873
3,FAIL,1.4077329574850395
4,FAIL,1.239883917829101
