input,result,time
1,FAIL,1.3149664793702474
2,PASS,1.4854914276432976
3,PASS,1.4689717046703517
4,PASS,1.404948345549927
