input,result,time
1,PASS,1.4958152929596351
2,FAIL,0.6293557610386996
3,FAIL,0.9714573193542654
4,PASS,0.5680930992421066
