test_case,result_difference,time_difference
1,-1.0860021323076594,-0.04667173193464658
2,1.1606498069511173,-0.061077658386182836
3,0.010749545846707393,-0.018788608650805477
4,-1.6480618781507324,0.04060519434165951
