test_case,result_difference,time_difference
1,-1.1380544757352595,-0.15860651438705792
2,-0.7622279889357189,0.013881612224994256
3,0.05192683216673246,-0.13739758335742
4,-0.5334771554193641,-0.08076455079448296
