input,result,time
1,PASS,0.6693126905436008
2,PASS,1.4650949732179694
3,FAIL,0.651230224974085
4,PASS,1.3054624374049966
