input,result,time
1,FAIL,0.6980409965550174
2,PASS,1.047190552672642
3,FAIL,0.973688733136844
4,FAIL,0.7239228021968591
