input,result,time
1,PASS,1.000537458803136
2,PASS,0.7345499020670309
3,FAIL,0.8371491136649515
4,PASS,0.6902605089233325
