input,result,time
1,FAIL,0.7765073462581591
2,PASS,1.297791819167285
3,PASS,1.1970560061936328
4,PASS,1.0109783226304947
