input,result,time
1,PASS,0.8375813753288716
2,FAIL,1.109164052829827
3,PASS,1.2759584418813597
4,PASS,0.5761451622015302
