input,result,time
1,PASS,0.6676738161761829
2,FAIL,1.3848783471030857
3,PASS,1.0593917594379811
4,PASS,0.9222150311613082
