input,result,time
1,FAIL,0.9938654869205371
2,FAIL,1.0818889426345697
3,PASS,0.6263675253306035
4,FAIL,1.3768206204006308
