input,result,time
1,PASS,0.7875702165511763
2,PASS,1.0567615038494511
3,FAIL,0.9874279129285339
4,FAIL,1.3823999848622819
