test_case,result_difference,time_difference
1,1.4678185439128353,0.08289417286411892
2,-1.2273990093122593,0.04073651132085282
3,-0.5766791243306562,-0.04800935249461452
4,0.603882023986456,0.10656656567764922
