test_case,result_difference,time_difference
1,-2.2846023046547406,0.16982782401304675
2,-0.0850998472570603,-0.006414133149303861
3,1.6685619405463366,0.035086326839570546
4,-1.6461364829863345,-0.0830187829850416
