input,result,time
1,PASS,1.0970256705329766
2,FAIL,0.9705504769157774
3,PASS,1.474801897779382
4,PASS,1.2993161890605682
