test_case,result_difference,time_difference
1,0.704236991988913,-0.019797404138137572
2,-0.8209218579756186,0.006468918092960444
3,0.07398529046414959,-0.00334375804626965
4,-1.094850952964618,-0.09753441832722831
