input,result,time
1,PASS,0.6011074905634913
2,FAIL,0.8183789366661766
3,PASS,0.6681421180228203
4,FAIL,1.056133179450474
