input,result,time
1,FAIL,0.8767412669609868
2,FAIL,1.4661474456271715
3,FAIL,1.2918795696309013
4,PASS,1.1756891476442668
