input,result,time
1,FAIL,1.266497873530326
2,FAIL,1.0754040089021273
3,FAIL,1.080689298656963
4,FAIL,1.2343610274640362
