input,result,time
1,FAIL,1.1294478260505696
2,PASS,1.0094389204442396
3,PASS,1.4900512403693016
4,PASS,0.6845639419177639
