input,result,time
1,PASS,0.9126036845593929
2,PASS,0.9533102546064802
3,FAIL,1.3551020525044382
4,PASS,1.1100010861688294
