input,result,time
1,FAIL,0.7723958026607546
2,FAIL,1.2095910479712435
3,PASS,0.7398579831435655
4,PASS,1.3712971622020502
