input,result,time
1,FAIL,1.41854645119035
2,FAIL,0.620120182163476
3,PASS,0.8344737414961149
4,PASS,0.6753720695152439
