input,result,time
1,PASS,1.109150817047495
2,FAIL,1.0631488707135377
3,FAIL,0.9935828096296536
4,FAIL,1.011053899611246
