input,result,time
1,FAIL,1.263140230254793
2,FAIL,1.3701821785071484
3,FAIL,1.0620661107547191
4,PASS,0.9562225019615531
