test_case,result_difference,time_difference
1,0.7484652576072525,0.08170655291915319
2,1.932263905652546,0.11649608612030249
3,-0.9409392770916528,-0.032039974138216104
4,-1.230467671452471,0.10807382147346765
