test_case,result_difference,time_difference
1,1.284140467636537,0.007297744740743845
2,1.5225156450492774,-0.10438935301259998
3,-0.15968571776704032,-0.11722180467355224
4,-0.7743415600330733,0.07828670206068192
