input,result,time
1,FAIL,0.9463944154832029
2,PASS,1.407875594354326
3,PASS,0.6602304663201433
4,FAIL,1.1611175115080994
