input,result,time
1,PASS,0.964830798147099
2,PASS,0.9170200452700278
3,PASS,0.8924464308718253
4,FAIL,1.4029537342111282
