input,result,time
1,PASS,1.4466138322328708
2,FAIL,1.1052361293687798
3,PASS,1.3013700314934045
4,FAIL,0.5763716879461218
