input,result,time
1,PASS,0.9530942454488784
2,PASS,0.9939578339872235
3,FAIL,1.2781715954502542
4,FAIL,1.344234961553024
