test_case,result_difference,time_difference
1,-0.4219087638731314,-0.06510347902944588
2,-0.990165390647621,0.04428418102259142
3,-0.10442320734837097,0.0070458602859867605
4,-0.1290068755934904,0.02132918577130552
