input,result,time
1,PASS,0.6254884972364103
2,PASS,0.8575196074409279
3,FAIL,1.3818267622722837
4,FAIL,0.8691611951062197
