input,result,time
1,PASS,1.3174532636181662
2,FAIL,1.2690469943201406
3,FAIL,1.1778949696185212
4,FAIL,0.8198338893831543
