input,result,time
1,FAIL,0.5565281531140052
2,FAIL,1.4798914837508228
3,FAIL,0.7957402636092428
4,FAIL,0.9382156804359247
