input,result,time
1,PASS,0.7247773283926646
2,FAIL,1.347739331595348
3,FAIL,1.0613987175911241
4,FAIL,1.2132460130406766
