input,result,time,image_size
1,FAIL,1.1155595642838443,2077
2,PASS,0.6238199828494415,3107
3,PASS,1.3480082293222344,1319
4,FAIL,1.3073189587250107,3977
