input,result,time,image_size
1,FAIL,1.2163272041185655,1720
2,PASS,0.7894060929472011,3004
3,FAIL,0.6831913620071168,3048
4,PASS,1.086512934810083,2846
