input,result,time,image_size
1,FAIL,1.2980468339125637,982
2,PASS,0.6856359443059522,1820
3,FAIL,1.4527916569719446,3860
4,FAIL,1.1874882763878154,3908
