input,result,time
1,FAIL,0.9922611663223823
2,FAIL,0.552819897599997
3,PASS,0.5000724496384922
4,FAIL,1.3803219316643702
