input,result,time
1,FAIL,1.034508940005792
2,PASS,0.9245529560580095
3,PASS,0.7864646324598676
4,FAIL,1.0015914709407676
