input,result,time
1,PASS,0.9248539212016895
2,FAIL,1.164197105081149
3,PASS,0.9016881850039887
4,PASS,0.5857946005198351
