input,result,time,matrix_size
1,FAIL,0.983393535202392,243
2,FAIL,0.539992801900717,852
3,PASS,1.139705106075127,885
4,FAIL,0.9083029083397448,366
