input,result,time,matrix_size
1,FAIL,0.698990939925484,242
2,FAIL,0.8674753222519272,388
3,FAIL,1.206871809420122,293
4,PASS,1.1495342241752968,221
