input,result,time,matrix_size
1,PASS,0.8044684073773195,279
2,PASS,1.3391891222586523,661
3,FAIL,0.7377418260156388,171
4,FAIL,1.0023894574892616,958
