input,result,time
1,FAIL,1.4535632258132853
2,FAIL,0.5842881560460914
3,PASS,1.4511022507050106
4,PASS,0.5349893377358113
