input,result,time
1,FAIL,0.6939907976001973
2,FAIL,0.9810424481098726
3,PASS,0.7982457987055127
4,FAIL,1.3625592497840948
