input,result,time
1,PASS,0.6591462369422428
2,FAIL,1.105711957270279
3,PASS,0.6156618719050133
4,PASS,1.2278881583695114
