input,result,time
1,FAIL,1.3801068635197442
2,PASS,0.828303308289211
3,PASS,0.9044249428851912
4,PASS,1.0446473574026356
