input,result,time
1,PASS,0.7001706815505686
2,FAIL,1.1229267200659891
3,PASS,0.6146925254469043
4,PASS,1.1033475950562002
