input,result,time
1,PASS,0.5722477252496884
2,PASS,1.2885115455448848
3,FAIL,1.2587354241192559
4,FAIL,0.8243051282771651
