input,result,time
1,FAIL,0.6911012006151671
2,PASS,0.7841720572703383
3,FAIL,1.4322198320783206
4,PASS,1.2182929063140007
