input,result,time
1,PASS,1.2331093038467982
2,PASS,1.1696849008553338
3,PASS,0.7163791144584878
4,PASS,1.3618068074390897
