input,result,time
1,PASS,0.920910135737091
2,PASS,0.7569754591527016
3,PASS,0.76697589868859
4,PASS,1.2914537299609294
