input,result,time
1,PASS,0.7391591243064348
2,FAIL,0.7699992083673487
3,FAIL,1.392352533542985
4,PASS,1.2807023264854518
