input,result,time
1,PASS,0.9977769078253418
2,FAIL,1.081081929672063
3,FAIL,0.7415570400399184
4,FAIL,0.6690254061291613
