input,result,time
1,FAIL,0.7465569398111561
2,PASS,1.0964330653496228
3,PASS,0.6175256429036377
4,FAIL,1.4758838684185334
