input,result,time
1,PASS,0.5752033807453723
2,PASS,0.8147240583032893
3,FAIL,0.906462542043115
4,FAIL,1.4625423515918257
