input,result,time
1,FAIL,0.7413919802980788
2,PASS,0.8975822433820166
3,PASS,1.244846912880614
4,FAIL,1.0868287948828685
