input,result,time
1,PASS,0.9953341752345102
2,PASS,0.772798916111016
3,FAIL,1.249239822698525
4,PASS,1.4394502081783807
