input,result,time
1,PASS,0.9800608878207556
2,FAIL,1.022175869002119
3,FAIL,1.353606042296272
4,PASS,1.3894479088158667
