input,result,time
1,PASS,0.5972429256324246
2,PASS,0.9420356377299253
3,PASS,1.0199523745708383
4,PASS,1.1939564109345475
