input,result,time
1,PASS,0.5156060644468282
2,FAIL,0.9287957224982378
3,PASS,0.5680740739747202
4,PASS,0.7519409882460929
