input,result,time
1,FAIL,0.7464023223874332
2,PASS,0.7633465208260535
3,PASS,1.4301107711321481
4,FAIL,0.8734488944089954
