test_case,result_difference,time_difference
1,2.2936674563906347,0.07354737444242707
2,1.543129989707398,0.04449650481340383
3,-0.8295513960955435,-0.02048747639257531
4,2.364907652318124,-0.10360867727398607
