input,result,time
1,PASS,0.6483789376773756
2,FAIL,1.2732591260670232
3,PASS,1.0676927488368442
4,FAIL,1.4829991349165326
