input,result,time
1,FAIL,0.7646495980028003
2,PASS,1.4750946802120466
3,FAIL,1.1394627744740102
4,PASS,1.0206777914825536
