input,result,time
1,PASS,0.5112900823362867
2,PASS,1.1241641409690866
3,PASS,1.1353954996027262
4,FAIL,1.4910892293627156
