input,result,time
1,PASS,1.301058711027394
2,PASS,1.018366410387164
3,FAIL,0.7943164089537353
4,PASS,1.1380845977222838
