input,result,time
1,PASS,0.5822264392848295
2,PASS,1.1503002650701513
3,FAIL,1.4733187794421552
4,PASS,0.5967552413759291
