input,result,time
1,FAIL,1.466878164161591
2,PASS,1.438516561329858
3,FAIL,1.3757946184300112
4,FAIL,0.6424922557432328
