input,result,time
1,PASS,1.378372495379994
2,FAIL,1.1907847761565296
3,FAIL,1.4873487570739683
4,PASS,1.259282451716668
