input,result,time
1,PASS,0.7387388407706993
2,FAIL,1.4438275890731485
3,PASS,1.186783367643289
4,PASS,0.7875753828575714
