input,result,time
1,PASS,1.177503830532648
2,PASS,0.7373640727861844
3,PASS,0.5181517003262771
4,PASS,0.8225182632759113
