input,result,time
1,FAIL,0.597844484494034
2,PASS,1.3621915174216834
3,PASS,1.4729194890231303
4,FAIL,1.4608346580630003
