input,result,time
1,PASS,1.3114588470210937
2,PASS,1.1212104970231316
3,PASS,0.9317781013605846
4,FAIL,0.6961451061817354
