input,result,time
1,FAIL,1.2689194362148217
2,FAIL,1.3565674676693011
3,FAIL,1.2203192659868836
4,PASS,1.4790109190008227
