input,result,time
1,FAIL,1.0248011997585795
2,FAIL,0.9859503769750728
3,FAIL,0.6685468195234677
4,FAIL,1.187548957563442
