input,result,time
1,FAIL,0.8396310441661992
2,FAIL,1.100212868131294
3,FAIL,1.46319729526038
4,FAIL,0.6478013340653904
