input,result,time
1,PASS,0.9013882466247205
2,FAIL,1.1155972191096448
3,PASS,1.4465570860740016
4,PASS,0.6331481915357682
