input,result,time
1,FAIL,0.6975398937661071
2,PASS,0.5598463155508506
3,FAIL,0.8022072827360107
4,PASS,1.1772124291139527
