input,result,time
1,PASS,0.9071832972259997
2,FAIL,0.569166995455138
3,FAIL,1.1974287731445636
4,FAIL,0.9535426826780689
