input,result,time,matrix_size
1,PASS,1.4044249756892315,260
2,PASS,1.145784598501899,247
3,FAIL,0.8246829720664653,684
4,FAIL,1.0197111936582761,555
