input,result,time,matrix_size
1,PASS,1.2162441742180188,494
2,PASS,0.5270689847771901,427
3,FAIL,1.2313973399998268,706
4,PASS,1.2669635054509254,618
