input,result,time,matrix_size
1,PASS,0.9420356377299253,695
2,PASS,1.0199523745708383,227
3,PASS,1.1939564109345475,584
4,FAIL,0.5908857320324095,873
