input,result,time
1,FAIL,0.9813073572407092
2,PASS,0.9590864793025905
3,PASS,1.197590401682767
4,PASS,1.0062452053528186
