input,result,time
1,FAIL,0.7157910684479345
2,PASS,0.752323051386699
3,PASS,0.9568085719683699
4,FAIL,1.1167425107938393
