input,result,time
1,PASS,0.7774180418359983
2,FAIL,1.4622799113275984
3,FAIL,0.8524071200093821
4,PASS,1.394172515292972
