input,result,time
1,PASS,0.6023168158875942
2,PASS,0.792177365167522
3,PASS,1.4829901099578398
4,PASS,0.639745778864955
