input,result,time
1,PASS,0.6360629303439531
2,PASS,0.8232880621909477
3,PASS,1.4388658394598817
4,PASS,1.0203860020856885
