input,result,time
1,PASS,0.5613455360246428
2,FAIL,0.9627612294693413
3,FAIL,0.5055104402355259
4,PASS,1.310290763069436
