input,result,time
1,FAIL,0.8312688802927263
2,PASS,0.8203262865108316
3,FAIL,1.4468071709445223
4,PASS,1.3451540869957204
