input,result,time
1,PASS,0.8422413082046126
2,PASS,0.8037915908570373
3,FAIL,0.7145066851625324
4,PASS,0.5784864367402595
