input,result,time,image_size
1,FAIL,0.6175318559620331,3379
2,FAIL,1.017379107154114,1251
3,PASS,0.6320681063451533,1385
4,FAIL,1.2168596811925938,1298
