input,result,time,image_size
1,PASS,1.3395129668196633,1645
2,PASS,1.022370532271311,1865
3,PASS,1.0130748631715454,612
4,PASS,1.1498319735234532,1206
