input,result,time,image_size
1,PASS,0.7839999767621011,2141
2,PASS,0.738413280924058,1193
3,PASS,1.0145127432987566,2088
4,PASS,0.8679275805370413,2748
