input,result,time
1,PASS,1.24458442035412
2,PASS,1.4973806789005715
3,PASS,0.5618653251035695
4,FAIL,0.935870919419079
