input,result,time
1,PASS,1.0326685874713606
2,PASS,0.8262696326493724
3,PASS,0.816542559892476
4,PASS,0.9468769639461991
