input,result,time
1,FAIL,1.4607664734451007
2,FAIL,1.1405645935212183
3,PASS,1.1886483169837136
4,FAIL,0.5424544887255225
