input,result,time
1,FAIL,1.1980465799124733
2,FAIL,0.986353616383502
3,FAIL,1.4408649044174378
4,PASS,0.5683752405187383
