input,result,time
1,FAIL,0.8650435474567474
2,FAIL,0.7676840396928765
3,FAIL,0.5936607011890572
4,FAIL,0.7807065905741337
