input,result,time
1,PASS,1.0772285886041675
2,FAIL,0.7378928213745086
3,PASS,1.4342139979247936
4,FAIL,1.113965955965896
