input,result,time,matrix_size
1,PASS,0.7883984973314939,659
2,PASS,0.741418620076574,799
3,PASS,1.162504571532676,270
4,PASS,0.7460631849909645,551
