input,result,time,matrix_size
1,FAIL,0.9880562806489546,955
2,PASS,0.8556127378499556,549
3,FAIL,1.4404319452528132,426
4,PASS,1.2653252538069653,590
