input,result,time,matrix_size
1,PASS,1.0896947230135507,708
2,FAIL,1.245398073947293,456
3,FAIL,1.348150380346985,950
4,FAIL,1.4358320802167885,699
