input,result,time
1,FAIL,1.2623978446058526
2,FAIL,1.0778749890099117
3,PASS,0.5052327922121861
4,FAIL,1.071103295636271
