input,result,time,image_size
1,FAIL,0.5573206239556006,1668
2,FAIL,0.5800610933404337,3177
3,FAIL,1.0171372763282698,3108
4,FAIL,1.2551061787832722,848
