input,result,time
1,FAIL,0.7775960977317661
2,FAIL,0.6288605654663202
3,FAIL,0.8926756765470943
4,FAIL,1.4564057227959488
