input,result,time,image_size
1,PASS,1.0922304187618368,2866
2,PASS,1.3967611582244097,2904
3,PASS,0.9067333458357483,3794
4,FAIL,1.052078276691971,2324
