input,result,time
1,PASS,1.2150525974651671
2,PASS,0.9181092117480009
3,FAIL,0.6729513542711564
4,FAIL,0.607210745428546
