input,result,time
1,PASS,1.0421294535799384
2,FAIL,0.620919361139134
3,FAIL,1.1806972386680346
4,PASS,0.7871192616841675
