input,result,time
1,FAIL,1.3844333937948334
2,FAIL,1.1465181845584462
3,PASS,0.9412565314076204
4,PASS,0.6083353925126883
