input,result,time
1,PASS,1.0174995689125423
2,FAIL,1.3022593216897795
3,PASS,0.9350208337449255
4,FAIL,1.4286837604173082
