input,result,time
1,PASS,1.348887274454778
2,FAIL,1.4323907570977263
3,FAIL,0.6836245939256135
4,PASS,1.3485912304104377
