input,result,time
1,FAIL,1.1003922370976396
2,FAIL,1.0887396099702882
3,PASS,1.4627703198402424
4,PASS,0.5168716733700397
