input,result,time
1,FAIL,1.4308187172979732
2,FAIL,1.0207614372418605
3,PASS,0.7672070318623186
4,PASS,1.3773987891741197
