input,result,time
1,FAIL,0.5706937320009123
2,FAIL,0.8190712429112025
3,PASS,1.1614171305489027
4,PASS,0.9840172414024116
