input,result,time
1,FAIL,0.6165586124295985
2,PASS,0.8576390348482188
3,FAIL,0.5046548368371835
4,FAIL,0.9248539212016895
