input,result,time
1,FAIL,0.6300033627755082
2,PASS,0.7234914669947533
3,PASS,1.4277103690384865
4,FAIL,0.8060800634784684
