input,result,time
1,FAIL,1.3385085908076249
2,FAIL,0.8165844110299528
3,FAIL,1.2835077656425353
4,FAIL,1.1102130583369876
