input,result,time
1,FAIL,1.451767080220202
2,PASS,1.418609715746498
3,PASS,0.6818775414449528
4,PASS,0.703301340868949
