input,result,time
1,PASS,1.136774677228067
2,FAIL,1.4571382224472131
3,PASS,0.6904446686080338
4,PASS,1.0639372766283968
