input,result,time
1,FAIL,1.3696014159992898
2,PASS,1.4934052208227468
3,PASS,1.2638618421529113
4,FAIL,0.9650917841437588
