input,result,time
1,PASS,1.2404051072117648
2,PASS,0.6561908165562459
3,PASS,0.9499523430777341
4,PASS,0.63670462949578
