input,result,time
1,PASS,1.332588517822184
2,FAIL,0.8664099003028253
3,FAIL,0.5953803519934925
4,FAIL,1.4666819873735142
