input,result,time
1,FAIL,1.0715501954169344
2,FAIL,1.4835554181712203
3,PASS,0.5015945706042946
4,PASS,0.645450140698866
