test_case,result_difference,time_difference
1,-0.027952449965935,0.034060525196588746
2,-0.13796150558293127,-0.11246391803015664
3,-0.5841539837277515,0.012318649325926453
4,-0.18397354514597783,0.05687502975324844
