test_case,result_difference,time_difference
1,0.32872762609795503,0.09524641973242076
2,-1.8048676695510957,-0.1064150114122303
3,1.8726769501085236,0.050662398047735126
4,-1.3045729090941491,-0.017104583542356677
