input,result,time
1,PASS,0.8309998421852587
2,FAIL,0.5744481839086214
3,PASS,1.2731866010319384
4,PASS,0.5942906710723118
