input,result,time
1,FAIL,0.8741699803342255
2,FAIL,0.9635754243648107
3,PASS,0.7776287062947319
4,FAIL,1.0867843464581688
