input,result,time
1,FAIL,1.2642723798624305
2,PASS,1.2070679542445877
3,FAIL,1.0671249985755666
4,PASS,1.1031269477622327
