input,result,time,matrix_size
1,PASS,0.5602254716292698,191
2,FAIL,1.1667667154456676,996
3,FAIL,1.1706378696181594,498
4,FAIL,0.7103825610738409,711
