input,result,time,matrix_size
1,FAIL,1.2781567509498504,855
2,PASS,1.3700121482468193,897
3,FAIL,1.478618342232764,759
4,FAIL,1.2991585642167236,247
