input,result,time,matrix_size
1,FAIL,0.764555612104627,228
2,PASS,1.2742336894342166,153
3,PASS,0.9561503322165485,650
4,FAIL,1.0684339488686485,588
