input,result,time
1,PASS,1.3921133349667691
2,FAIL,0.8828533055360012
3,PASS,0.5391261114322814
4,FAIL,0.8821357402025903
