input,result,time
1,FAIL,0.8545326700657575
2,FAIL,0.6037455429652312
3,FAIL,1.48219664609004
4,PASS,0.6439717323141532
