input,result,time
1,PASS,0.8931224152234171
2,FAIL,1.089711817992923
3,FAIL,1.3815672700724955
4,FAIL,1.429066157268768
