input,result,time
1,FAIL,0.9428730246222125
2,FAIL,1.3980877551269835
3,FAIL,0.8214729308542053
4,FAIL,0.9741848122636217
