input,result,time
1,FAIL,1.1996719203063062
2,PASS,1.1298101474338473
3,FAIL,1.3652531910657322
4,FAIL,0.7366277827940861
