input,result,time
1,FAIL,1.2032174964672158
2,PASS,1.1347863229336947
3,FAIL,1.4591422519779749
4,FAIL,0.6032981550851386
