input,result,time
1,FAIL,1.2255943642105787
2,FAIL,0.511427458625031
3,PASS,1.2705807485027762
4,PASS,0.646946645400375
