input,result,time,image_size
1,FAIL,0.660393536306564,1817
2,PASS,0.8502072609640009,1895
3,PASS,0.5956198825878559,2315
4,FAIL,1.3711025333283282,1370
