input,result,time,image_size
1,FAIL,0.530208200221242,1382
2,FAIL,1.4100726167981907,1933
3,FAIL,0.5279819911593593,1238
4,PASS,0.6854479699276208,1807
