input,result,time,image_size
1,FAIL,1.1387617573665292,3930
2,PASS,0.9903053465487371,1098
3,PASS,1.4894097772844315,3579
4,FAIL,0.5653042071517802,1462
