input,result,time
1,PASS,0.8165007454536064
2,PASS,0.982584241712101
3,FAIL,1.2298276355292677
4,FAIL,0.5691826587923895
