input,result,time
1,FAIL,0.5741245179130241
2,FAIL,1.3444704924187345
3,FAIL,1.2716028066943497
4,FAIL,1.0439214998029849
