input,result,time
1,PASS,0.9157875130469137
2,PASS,1.3934241536366652
3,PASS,0.958274300402702
4,PASS,1.2817810385699597
