input,result,time
1,FAIL,0.9187873945710622
2,FAIL,1.0865564053345904
3,FAIL,1.1837829273359164
4,FAIL,0.7227711046344185
