input,result,time
1,FAIL,0.6660478245212457
2,FAIL,1.4227566102253655
3,FAIL,0.7940766623831661
4,PASS,0.9530942454488784
