input,result,time
1,FAIL,0.9322814811812986
2,FAIL,1.0219962736299824
3,FAIL,1.2730835540548715
4,FAIL,1.458740923056593
