input,result,time
1,FAIL,1.0883171135536056
2,FAIL,1.3310484552361905
3,PASS,1.1289818435911487
4,PASS,1.3726506554473952
