input,result,time
1,FAIL,0.8790337721038182
2,PASS,0.5965496098274581
3,FAIL,0.7561395774147123
4,PASS,1.0919351581884498
