test_case,result_difference,time_difference
1,-0.12463277371234922,-0.02322493694237599
2,-1.1969282371963428,0.03583387146554073
3,0.4768398160001175,-0.17767076018212846
4,-1.0586912366512684,-0.04391728238987216
