input,result,time
1,PASS,0.5182913023867575
2,PASS,1.3586705962202417
3,PASS,0.7447811615656457
4,PASS,0.8342442484031641
