input,result,time
1,PASS,0.9776465028764161
2,PASS,0.7839999767621011
3,PASS,0.738413280924058
4,PASS,1.0145127432987566
