input,result,time
1,FAIL,0.7378072425390388
2,PASS,0.671853099047643
3,PASS,0.9492916486877381
4,PASS,0.8044684073773195
