input,result,time
1,PASS,1.29030471335001
2,PASS,0.5049291266621827
3,PASS,0.6632636570351147
4,FAIL,1.19682733113568
