input,result,time
1,FAIL,1.21514325202536
2,PASS,1.0580512366572625
3,FAIL,1.2049480619227595
4,PASS,0.9186368635700265
