input,result,time
1,FAIL,0.9912010411160262
2,FAIL,0.5723503684191603
3,PASS,0.7801137483058372
4,PASS,1.402580207100613
