input,result,time
1,FAIL,1.1191827996155763
2,FAIL,0.8824400994297641
3,FAIL,0.5965628785567387
4,PASS,1.484933308210826
