test_case,result_difference,time_difference
1,-0.9254916553698155,0.01799926437629466
2,-0.5219325327322083,-0.07136171125772856
3,0.5165528348072839,-0.08546116970404666
4,0.6001718886218999,0.10767477495048793
