input,result,time
1,PASS,0.817166557080292
2,FAIL,0.5146458911470446
3,PASS,0.949031209190413
4,PASS,1.215591538725028
