input,result,time
1,FAIL,1.2712254629659103
2,PASS,0.5121711569432588
3,FAIL,0.8228295375480875
4,FAIL,0.7295674446919498
