input,result,time
1,FAIL,1.3748423619393388
2,FAIL,1.0556626252724075
3,PASS,0.6012842469647421
4,FAIL,0.9835006583839601
