input,result,time
1,FAIL,0.8735110141556837
2,FAIL,1.0156383466512517
3,FAIL,1.3890599531897285
4,PASS,1.2372785797141679
