input,result,time
1,PASS,1.407822110162357
2,PASS,0.8214204726683533
3,FAIL,1.0829817977290537
4,FAIL,1.3478904627523183
