test_case,result_difference,time_difference
1,-0.4535667165796018,0.1001646606166313
2,0.15616815909863271,-0.024320636104653605
3,0.034521744777531296,0.004391218851845151
4,-0.47620066613869066,-0.10146060036142368
