input,result,time,image_size
1,PASS,1.0424570027145417,3364
2,PASS,1.4911416509743955,1107
3,PASS,0.8831028915491432,639
4,PASS,1.3066693253136108,2020
