input,result,time,image_size
1,PASS,0.9879345689871769,2632
2,PASS,0.9585145522366506,758
3,PASS,1.024592620754848,3412
4,FAIL,0.9420153177948701,1671
