input,result,time,image_size
1,FAIL,0.9030260024042887,2012
2,FAIL,1.245232960032129,2671
3,FAIL,1.0269074490521803,2107
4,FAIL,0.9876763235382076,759
