input,result,time
1,FAIL,1.2392013752557318
2,PASS,1.334672145765757
3,PASS,0.7486498148420784
4,PASS,1.0140876212767185
