input,result,time
1,PASS,0.7379606819174762
2,FAIL,1.4016067269067185
3,FAIL,1.0085098936906702
4,FAIL,1.1081923837970242
