input,result,time
1,FAIL,1.3811031971111616
2,FAIL,1.0812728726358587
3,FAIL,1.3817353618548527
4,FAIL,1.192531590077766
