input,result,time
1,PASS,1.4191342464055547
2,PASS,1.1216410084445965
3,FAIL,1.0433373690198113
4,FAIL,0.826639439209063
