input,result,time
1,PASS,1.1374622773722067
2,PASS,1.3119385616910193
3,PASS,0.9793845493891881
4,FAIL,1.4148630878333828
