input,result,time
1,FAIL,1.27193086740896
2,FAIL,0.9130861259038863
3,PASS,1.2100583050156888
4,PASS,1.289869503109125
