input,result,time
1,FAIL,1.034916854927084
2,PASS,0.9042436179392588
3,FAIL,1.0241838603937583
4,FAIL,0.8650998770600098
