input,result,time
1,PASS,1.394172515292972
2,FAIL,0.6810416715209251
3,FAIL,1.2637468671882144
4,PASS,0.5613455360246428
