input,result,time
1,PASS,0.8485193694925632
2,FAIL,1.3149664793702474
3,FAIL,1.4854914276432976
4,PASS,1.4689717046703517
