input,result,time
1,PASS,1.4799623263423092
2,PASS,0.9237063534554728
3,PASS,1.3571249175045672
4,FAIL,0.6173155641831939
