input,result,time,image_size
1,FAIL,0.6288605654663202,1009
2,FAIL,0.8926756765470943,4082
3,FAIL,1.4564057227959488,3789
4,PASS,0.6871308917508447,1950
