input,result,time
1,PASS,0.7408287799154468
2,FAIL,0.6002939422654978
3,PASS,0.5164296295914742
4,FAIL,1.4295293167921905
