input,result,time,image_size
1,FAIL,1.0145127432987566,2141
2,FAIL,0.8679275805370413,1193
3,PASS,0.9565198912626554,2088
4,PASS,0.8374773817642399,2748
