input,result,time,image_size
1,PASS,0.8481919427465201,2415
2,FAIL,0.7114547957824136,2180
3,PASS,0.5593831880057892,1971
4,FAIL,1.3760268479205742,2966
