input,result,time
1,FAIL,1.084289894303697
2,FAIL,0.6364584073100401
3,PASS,1.4414497523592065
4,FAIL,0.6650010969376643
