test_case,result_difference,time_difference
1,-0.8485230408161263,0.17628648606221703
2,2.271200211430152,-0.19658764462737607
3,-0.8601976132518468,0.21438595056081633
4,-0.9400780170531838,-0.057894011861490104
