input,result,time
1,PASS,1.2128923026989065
2,FAIL,1.3304763451209596
3,PASS,0.5579092768962602
4,PASS,0.7913888205369027
