input,result,time
1,FAIL,0.7101019704360155
2,PASS,0.9628794683706737
3,PASS,0.6601319990850908
4,PASS,0.6635216716333734
