input,result,time
1,FAIL,0.6218791756491328
2,PASS,1.4317764513967939
3,FAIL,1.4999489702149167
4,PASS,0.7698888205643851
