input,result,time
1,FAIL,0.877895232968019
2,PASS,0.7042829223963614
3,PASS,1.0693060331951527
4,PASS,1.2523663058764098
