input,result,time
1,PASS,0.8558891546408681
2,FAIL,1.3103020815432322
3,FAIL,1.0775900900433486
4,PASS,0.5752772798327345
