input,result,time
1,FAIL,1.4003674516042257
2,FAIL,1.4832748650501553
3,PASS,0.5304265153370059
4,FAIL,0.6936232904024965
