test_case,result_difference,time_difference
1,0.07600131257131199,-0.14943229141169323
2,-0.6326515127741645,-0.08323607819017619
3,0.3263622997386701,0.05488099295016759
4,0.9804331402955789,0.01903960047648465
