input,result,time
1,PASS,0.7779899447954659
2,PASS,1.2932816727570482
3,PASS,1.1599705485232623
4,FAIL,1.0802378708634601
