input,result,time
1,FAIL,1.127058127677918
2,PASS,0.8145519992520861
3,PASS,0.8033561044134861
4,PASS,0.6302049622107025
