input,result,time
1,FAIL,0.9005104635815054
2,PASS,0.910915734298089
3,PASS,0.6032532206659745
4,FAIL,1.0190989393318635
