input,result,time
1,FAIL,0.8112467981437029
2,FAIL,1.0252233109889815
3,PASS,0.5400170745383067
4,PASS,1.0909690843404989
