input,result,time
1,FAIL,1.458740923056593
2,PASS,0.617320480384811
3,FAIL,0.6070041401937916
4,PASS,1.0896947230135507
