input,result,time
1,PASS,1.052078276691971
2,PASS,0.7716527676061459
3,FAIL,0.955444149450027
4,PASS,0.9017135353795986
