input,result,time
1,PASS,1.3814204638963417
2,FAIL,1.066002619931852
3,PASS,1.1756892126329703
4,PASS,1.4226396515611768
