input,result,time
1,FAIL,1.0678460014775075
2,PASS,1.1211692473670547
3,FAIL,0.9981795657629434
4,FAIL,1.3667885432590956
