input,result,time
1,FAIL,0.7737326293884642
2,PASS,0.9620975296274499
3,FAIL,1.1383628950006774
4,FAIL,0.6017702665445448
