input,result,time
1,FAIL,1.3274328111031717
2,PASS,1.369187487385099
3,PASS,0.7390571905309472
4,PASS,1.3955661571732552
