input,result,time
1,PASS,0.5700421901446446
2,FAIL,1.3224067383556903
3,PASS,1.153421161113637
4,FAIL,1.2263424644178351
