input,result,time
1,FAIL,0.979707153354932
2,FAIL,1.0879671251560832
3,PASS,1.39795593614042
4,PASS,1.420271754339812
