input,result,time
1,PASS,1.23832475679861
2,FAIL,0.7593415079870255
3,PASS,1.4640203904338944
4,FAIL,1.1619487321735313
