input,result,time
1,FAIL,1.0910816650336823
2,PASS,1.251675052654467
3,FAIL,0.8870671472955156
4,PASS,1.2806140269982933
