input,result,time
1,FAIL,1.1793927734985674
2,PASS,0.9536968445560453
3,FAIL,1.0365792111087222
4,FAIL,1.3966712930403422
