input,result,time
1,PASS,1.1827306211512048
2,PASS,0.7089230577154614
3,FAIL,1.2360319938076176
4,PASS,1.0669381453169717
