test_case,result_difference,time_difference
1,-0.062069393309964874,0.05988106827654391
2,-1.2633478818493808,-0.07552756819000081
3,-1.7398891397729634,0.017476161501162525
4,1.6004305188588515,0.04351855331167684
