input,result,time
1,PASS,0.8236119729431979
2,PASS,0.9092966507907204
3,FAIL,1.2930680917284936
4,PASS,0.5163031994663075
