input,result,time
1,PASS,1.031967344073168
2,PASS,1.3241047760631957
3,PASS,0.6777165839162577
4,PASS,0.9649221686976623
