input,result,time
1,PASS,1.4474370656119286
2,FAIL,1.1823302262364495
3,FAIL,1.1040860605399727
4,FAIL,1.3409847439386327
