input,result,time
1,FAIL,0.7577464023307298
2,FAIL,0.5251909773509958
3,FAIL,1.231459146343829
4,PASS,0.8902174041020436
