input,result,time
1,FAIL,0.6173155641831939
2,FAIL,0.7712520767618641
3,PASS,0.9037927406673345
4,FAIL,0.8998121400093307
