input,result,time
1,FAIL,1.4834339782345762
2,PASS,1.402131214804232
3,FAIL,0.9587228886135026
4,FAIL,1.3174532636181662
