input,result,time
1,PASS,0.8774065725888873
2,FAIL,1.3093649714891984
3,FAIL,1.20903546018329
4,PASS,1.4543338153926921
