input,result,time
1,PASS,0.6476855782067074
2,FAIL,0.5626360030598098
3,FAIL,0.7419017042014848
4,PASS,0.9322814811812986
