input,result,time
1,PASS,1.4677946717985018
2,FAIL,1.0468849016694222
3,PASS,0.7748235698675966
4,PASS,1.0922304187618368
