input,result,time
1,PASS,1.3496898764211882
2,PASS,0.5329454485312324
3,PASS,0.8101954982442031
4,PASS,1.0154330866863324
