input,result,time
1,PASS,1.243531220759452
2,FAIL,1.3662915807685794
3,PASS,1.427489795415039
4,PASS,0.5136377477357067
