input,result,time
1,PASS,1.2378749299522864
2,FAIL,1.0802438452366427
3,PASS,0.8169865648037509
4,PASS,1.3569036719092518
