input,result,time
1,FAIL,1.0249704422542643
2,PASS,1.2505950229289875
3,FAIL,0.8335074657912753
4,PASS,1.4241587666207636
