input,result,time
1,FAIL,1.1128667531169922
2,PASS,0.5813695988533053
3,FAIL,1.3818965030968324
4,PASS,1.219620157842288
