test_case,result_difference,time_difference
1,0.9302378762839925,0.14496182271813685
2,-0.30314623428094317,-0.20812307807585395
3,1.5431417575156867,0.19137002537575148
4,-0.5056435479068652,0.018067194184483708
