test_case,result_difference,time_difference
1,0.5863407387922882,0.06610689063594612
2,0.22040007841211293,0.04244273911583815
3,-1.7724569840118019,-0.14617126077027892
4,0.01751292403679153,-0.07217177608767711
