input,result,time
1,FAIL,1.4202335372777397
2,FAIL,1.067071854894691
3,PASS,1.2063512805336583
4,PASS,1.3871986820862285
