input,result,time
1,PASS,1.3115184706218832
2,FAIL,0.976083985968232
3,PASS,1.023155989992076
4,PASS,0.7505205864171786
