input,result,time
1,FAIL,0.7386948754880213
2,FAIL,1.2709209354313307
3,FAIL,0.6838954257354676
4,PASS,0.9114165688648619
