input,result,time
1,PASS,0.9950963271763734
2,FAIL,1.4897655068476245
3,FAIL,0.5423878841385401
4,PASS,0.8011551988972766
