input,result,time
1,PASS,1.2017857629358542
2,PASS,0.6384368413643514
3,FAIL,0.6939907976001973
4,PASS,0.9810424481098726
