input,result,time
1,FAIL,0.8836619873295836
2,PASS,1.4781124216617672
3,FAIL,1.0497102488722558
4,PASS,1.3848118936179419
