input,result,time
1,FAIL,0.6853129195793668
2,PASS,0.9151252548317939
3,PASS,1.0199849899533098
4,PASS,0.9518070180844806
