input,result,time
1,PASS,1.355163929754605
2,PASS,1.3110214775221722
3,FAIL,0.5722018852059032
4,FAIL,0.892625642862172
