input,result,time
1,FAIL,1.3464043943926236
2,FAIL,1.12263342387923
3,FAIL,0.9745612864939591
4,FAIL,0.5032698343786985
