input,result,time
1,FAIL,1.3667885432590956
2,PASS,1.1277347561952844
3,PASS,0.90142794930552
4,PASS,0.916691756908711
