input,result,time
1,FAIL,0.7072959801559215
2,PASS,1.1649647021455753
3,FAIL,1.2538900662482235
4,FAIL,1.1040775469649426
