input,result,time
1,PASS,0.7115338977263024
2,PASS,1.2649944475660804
3,FAIL,0.6890626598653342
4,FAIL,1.398759587571491
