input,result,time
1,FAIL,1.4061718405949404
2,PASS,0.5085115900566275
3,FAIL,1.46886409975402
4,PASS,1.1908937254227938
