input,result,time
1,FAIL,0.6598700671429253
2,FAIL,0.6294123374222513
3,FAIL,1.0789223875388947
4,FAIL,0.5922601704069332
