test_case,result_difference,time_difference
1,-0.9604046587219541,0.00806481268520789
2,-0.7850953753007308,0.007296923762701822
3,1.0918642444804203,0.0023258645710735448
4,-0.7690211204784181,0.1108331018593579
