input,result,time
1,FAIL,0.8579839368611963
2,FAIL,0.9351419865163296
3,FAIL,1.0909267255335693
4,PASS,1.2223915186982364
