input,result,time
1,FAIL,0.7779427788119584
2,PASS,0.7810679399476984
3,FAIL,0.9700524001631885
4,PASS,1.4477032937252792
