input,result,time
1,FAIL,1.0684339488686485
2,PASS,0.5187898004363551
3,FAIL,1.117635497075877
4,PASS,1.1120957227224215
