input,result,time
1,FAIL,0.6182744258689332
2,FAIL,1.139921021327524
3,FAIL,0.6433532874090464
4,FAIL,1.444668917049584
