test_case,result_difference,time_difference
1,0.6379637942657815,-0.0162645372420694
2,-1.3915414648647915,0.0042276581419593935
3,1.1576842249602821,0.10734017115510784
4,1.5410851196196191,-0.11519577413018252
