input,result,time
1,PASS,0.8952332435363368
2,FAIL,0.810839977143316
3,PASS,1.2186263903411518
4,PASS,0.8359775423402552
