input,result,time
1,FAIL,1.4328872436526423
2,FAIL,0.8979816514410449
3,PASS,0.5353541760428104
4,PASS,1.3605310733269937
