input,result,time
1,FAIL,0.6280874339550316
2,FAIL,0.6071038091086925
3,PASS,0.9026446745136762
4,FAIL,1.1919905673071702
