input,result,time
1,FAIL,1.2428982920807212
2,FAIL,0.696000754280739
3,PASS,0.786329546873449
4,FAIL,0.6667415801113626
