input,result,time
1,FAIL,1.3200224358697517
2,PASS,0.7981873596630641
3,FAIL,0.6509348973110416
4,FAIL,0.8302670356968992
