input,result,time
1,PASS,1.046198967496336
2,FAIL,0.5032013985092185
3,FAIL,1.3403846716766727
4,FAIL,0.9074684828896215
