input,result,time
1,FAIL,0.6975191068460854
2,FAIL,1.0283151270573505
3,FAIL,1.1716898576108536
4,FAIL,0.970321282336041
