input,result,time
1,FAIL,0.915394957509527
2,FAIL,1.0082713750461965
3,FAIL,1.2874664791808963
4,FAIL,0.9478780929197311
