input,result,time
1,FAIL,0.916691756908711
2,FAIL,1.3108386151289513
3,PASS,0.8481919427465201
4,FAIL,0.7114547957824136
