input,result,time
1,PASS,1.2074110970019718
2,PASS,1.2934148962268766
3,PASS,0.9586282323628936
4,FAIL,1.3386948686030997
