input,result,time
1,PASS,0.9637551261719399
2,PASS,1.4175630854448524
3,PASS,0.939974360719999
4,PASS,1.4253529830216758
