input,result,time
1,PASS,1.3428548878354571
2,PASS,1.3180333057558384
3,PASS,0.6024137584524164
4,PASS,0.656383348867963
