input,result,time
1,FAIL,1.1772030452593736
2,FAIL,0.6425914346111581
3,PASS,0.9593479608442493
4,PASS,1.1667545429094477
