input,result,time
1,FAIL,0.9478780929197311
2,FAIL,1.4662211351241645
3,PASS,1.2930286671951117
4,PASS,1.3264304053149787
