input,result,time
1,PASS,1.1550995728775644
2,FAIL,1.435372294278511
3,PASS,1.3594206183191813
4,FAIL,0.6928962289225171
