input,result,time
1,PASS,0.5737869831214143
2,PASS,1.0784515481629375
3,FAIL,0.8971119909960666
4,PASS,1.1328853196107076
