input,result,time
1,FAIL,1.2006333446405428
2,PASS,1.3418157394050851
3,PASS,1.0666693393630347
4,PASS,0.9768013639288602
