input,result,time
1,FAIL,0.9558984376569328
2,PASS,1.1423517493634607
3,FAIL,0.7540252310403572
4,PASS,1.0510791485078967
