input,result,time
1,FAIL,0.9120524434335601
2,PASS,0.9983880977403929
3,PASS,0.7436235246608986
4,FAIL,1.4979175244355425
