input,result,time,matrix_size
1,FAIL,0.511714084185002,188
2,FAIL,0.8599780644783639,133
3,PASS,1.229990562424058,745
4,FAIL,0.6716296772614405,332
