input,result,time,matrix_size
1,FAIL,1.1387617573665292,446
2,PASS,0.9903053465487371,686
3,PASS,1.4894097772844315,178
4,FAIL,0.5653042071517802,930
