input,result,time,matrix_size
1,FAIL,1.485032278883236,951
2,FAIL,1.2535696066721629,476
3,FAIL,0.5040481063684263,821
4,FAIL,0.7694794339581177,248
