input,result,time
1,PASS,1.4636627605010293
2,FAIL,0.8834415188257777
3,PASS,1.2917250380826646
4,PASS,1.0288949197529045
