input,result,time,image_size
1,PASS,1.0680445610939322,4015
2,FAIL,1.425596638292661,3008
3,FAIL,0.5710360581978869,3410
4,PASS,0.5871292997015407,611
