input,result,time,image_size
1,PASS,1.2917250380826646,3405
2,PASS,1.0288949197529045,2632
3,PASS,1.0680445610939322,3337
4,FAIL,1.425596638292661,2452
