input,result,time
1,PASS,1.3666605749971459
2,PASS,0.604091932133467
3,PASS,0.8056953793966788
4,FAIL,1.1942914872263741
