input,result,time
1,PASS,1.3646166264627153
2,PASS,1.2775166691406867
3,FAIL,0.7864463787370622
4,PASS,0.8403171936341673
