input,result,time
1,PASS,0.9721900644295226
2,PASS,1.3377390798621795
3,PASS,0.8228489055115804
4,PASS,0.8831961003497287
