input,result,time
1,PASS,0.5530454877587886
2,FAIL,1.3212343590649513
3,FAIL,0.8312746131971526
4,FAIL,1.0495940340763394
