input,result,time
1,FAIL,0.9609824107682371
2,FAIL,0.8491062410582129
3,PASS,1.0555850914857543
4,PASS,0.7832236035054534
