input,result,time
1,PASS,0.8967737780015389
2,FAIL,1.475715634298922
3,FAIL,1.4881977579348207
4,PASS,0.5060303665011668
