test_case,result_difference,time_difference
1,-1.3333279044216382,0.017992228517792253
2,2.128380695590737,0.008089072895451513
3,2.2450215590995075,0.02933499704027709
4,0.8268563167864995,-0.20931339011584016
