test_case,result_difference,time_difference
1,-1.42921974813848,0.037171325365255456
2,1.2836743485267912,-0.08059455651378956
3,0.3648936535356027,0.12641863699729722
4,-1.8916834852963016,0.09558787448479056
