input,result,time,image_size
1,FAIL,0.8589952783396321,2837
2,FAIL,1.4371170419405177,1191
3,PASS,1.4233053075587083,3914
4,PASS,0.7828368521760829,3101
