input,result,time
1,FAIL,0.6448477593433772
2,PASS,0.9880562806489546
3,FAIL,0.8556127378499556
4,PASS,1.4404319452528132
