input,result,time,image_size
1,FAIL,0.6970542801856396,3298
2,PASS,0.9598558837560074,3195
3,PASS,0.5446123012541141,855
4,FAIL,1.2997958845706181,3680
