input,result,time,image_size
1,FAIL,1.080887274147797,2402
2,PASS,0.6458701540612989,2718
3,PASS,0.8356309789438825,2294
4,PASS,1.1255279710627106,2128
