test_case,result_difference,time_difference
1,0.32309053593376663,-0.011899562977968865
2,1.156476938964589,-0.17704657633011167
3,-1.1825568805818598,0.018531098449052853
4,-1.0689914073758662,0.04176062388159971
