test_case,result_difference,time_difference
1,0.47767093012591,-0.034102880801560966
2,0.8997625040155935,-0.06594954842583503
3,1.764658626288019,0.14107349348761608
4,0.3711442246933343,-0.11478290309145288
