input,result,time
1,FAIL,1.4707023907775747
2,FAIL,1.2355203736373996
3,PASS,1.109863615190493
4,PASS,1.4503362098625177
