input,result,time
1,PASS,0.6032981550851386
2,FAIL,1.367167159105199
3,PASS,0.5291902348489133
4,FAIL,1.034916854927084
