input,result,time
1,FAIL,1.0098071966215842
2,FAIL,0.8339648695968092
3,FAIL,1.290840163227405
4,FAIL,0.5972429256324246
