input,result,time
1,FAIL,0.7687493870767355
2,PASS,0.6297626225683813
3,PASS,0.5588087209344621
4,FAIL,1.0757528450305522
