input,result,time
1,FAIL,1.4961004403012381
2,FAIL,0.7322097551635923
3,PASS,0.8534237032481689
4,PASS,0.762891177010511
