input,result,time
1,FAIL,0.7200491168850333
2,FAIL,0.6052734562364415
3,FAIL,1.1735920616073618
4,PASS,0.6129314477278546
