input,result,time
1,FAIL,0.7327726721811121
2,PASS,0.8106292182913063
3,FAIL,1.2912274310191123
4,PASS,1.21514325202536
