input,result,time
1,FAIL,1.0905277965389888
2,FAIL,0.5741332987562446
3,FAIL,1.2974169639365618
4,FAIL,0.5268381787452141
