input,result,time
1,PASS,1.0526864711082138
2,FAIL,0.9137682080672768
3,FAIL,0.6514860078061928
4,FAIL,0.6620729850299655
