input,result,time
1,FAIL,1.1937470232392138
2,FAIL,1.4163403298365742
3,FAIL,0.7593773841415202
4,PASS,1.2581937163538237
