input,result,time
1,FAIL,1.3890599531897285
2,PASS,1.2372785797141679
3,FAIL,0.5051529642690232
4,PASS,1.1941578513691256
