input,result,time
1,FAIL,1.1832706964459296
2,FAIL,1.0183377874534338
3,FAIL,0.6780658862557184
4,PASS,1.4729336172802139
