input,result,time
1,FAIL,1.449279900043142
2,FAIL,1.19408737508298
3,PASS,1.2811928439623905
4,FAIL,0.6689261158645656
