input,result,time
1,PASS,0.7785357143490121
2,PASS,0.9687140005766252
3,FAIL,1.0919980925878519
4,PASS,0.7952841816429165
