input,result,time
1,FAIL,0.9213610120542495
2,FAIL,0.9668018812596489
3,PASS,0.9944858918833381
4,FAIL,0.5240557173054261
