input,result,time
1,PASS,1.083137978473822
2,FAIL,0.7580359567417546
3,FAIL,0.973385725594295
4,PASS,1.334176256556237
