input,result,time
1,PASS,1.0485033394776995
2,FAIL,0.6652654173560323
3,FAIL,1.0590480729002114
4,FAIL,1.4585913345572976
