test_case,result_difference,time_difference
1,-0.49134680320262364,-0.01453460440273048
2,-2.0813797717938645,-0.007013474105572683
3,-0.1683915450052278,0.2235137059294007
4,-1.5076696246817378,-0.06703771066906866
