input,result,time
1,PASS,1.0905853790479338
2,FAIL,0.9355315405309335
3,FAIL,1.2986892488839028
4,FAIL,1.4234555382041068
