input,result,time
1,FAIL,1.409676866763225
2,PASS,1.0637474871424275
3,FAIL,1.2824105546071376
4,PASS,0.973314756187061
