input,result,time
1,PASS,1.3967209961717255
2,FAIL,1.2737725337962746
3,FAIL,1.086323767905749
4,PASS,0.8098955515106845
