input,result,time
1,FAIL,0.6298680261148628
2,PASS,0.8787109925741678
3,PASS,0.5617625009638113
4,FAIL,0.9197077379801665
