test_case,result_difference,time_difference
1,1.264032160742811,0.016891917053623192
2,0.4156306375206354,-0.0031116383235711993
3,-0.6829487374639343,0.09556084096270688
4,-1.4333792131413348,-0.0005326127855941246
