input,result,time
1,FAIL,1.2475763636496067
2,FAIL,0.908509117897626
3,PASS,0.5887579854194529
4,FAIL,1.050578918134944
