input,result,time
1,PASS,0.6064953137710604
2,PASS,1.1509140038575056
3,FAIL,1.3273132277758497
4,FAIL,1.1844985465240676
