input,result,time
1,FAIL,1.3159771214030629
2,FAIL,1.2563714692926187
3,PASS,0.8659526779085536
4,PASS,1.3503856156016991
