input,result,time
1,FAIL,1.1973302508300514
2,FAIL,0.8895485073455688
3,PASS,0.7637676864504621
4,FAIL,1.444625718422124
