input,result,time
1,PASS,1.1037829038425655
2,FAIL,0.8858279697425316
3,FAIL,1.0315677222423987
4,FAIL,1.14513853357166
