input,result,time
1,FAIL,0.7891466997277382
2,FAIL,1.267607997064553
3,PASS,0.9852391544079785
4,FAIL,0.6169322727102505
