test_case,result_difference,time_difference
1,-0.5666973165376786,-0.09035691905064931
2,-0.005209229345966773,-0.19754415780477683
3,0.03483603287827019,0.18822211766646751
4,0.31296875912117644,0.1882457371812536
