input,result,time
1,PASS,0.9461325351379198
2,PASS,1.4504553581684418
3,PASS,1.4026462882660782
4,FAIL,1.0613677593734896
