input,result,time
1,FAIL,1.0076355472407648
2,PASS,0.8004036831584872
3,PASS,1.0495005727952713
4,FAIL,1.4308187172979732
