input,result,time
1,FAIL,1.4895250829450273
2,FAIL,1.144415564237013
3,PASS,0.8659980264711808
4,PASS,0.6020195313638074
