test_case,result_difference,time_difference
1,0.16628122202466192,0.035967817775334
2,0.3766230842359227,-0.05069006118739459
3,-2.3686201796412334,-0.02730697714606156
4,-2.0023750994299894,0.01672339173547643
