input,result,time,image_size
1,FAIL,1.1798794564067694,1312
2,FAIL,0.956129772122862,4010
3,PASS,0.9834086165987527,982
4,FAIL,1.2887394275320365,1820
