input,result,time,image_size
1,FAIL,1.0578113008828718,2217
2,FAIL,0.5974686887254899,3394
3,PASS,1.1216784907560882,3698
4,FAIL,1.3630226166603499,3420
