input,result,time,image_size
1,PASS,1.0446473574026356,1993
2,PASS,1.1216928996348439,628
3,FAIL,0.8793560782249866,1253
4,PASS,1.0421294535799384,1336
