input,result,time
1,PASS,1.2797481646806796
2,FAIL,1.2513464276552426
3,FAIL,0.8920799503447044
4,PASS,0.6974413097261442
