input,result,time
1,PASS,0.8458161883856995
2,PASS,1.02157418973693
3,FAIL,0.8237164993155156
4,FAIL,1.3255591143205032
