input,result,time,matrix_size
1,FAIL,0.813218331945951,217
2,PASS,1.465416220519927,545
3,PASS,1.0884650850687494,695
4,PASS,1.1596684120694127,773
