input,result,time
1,FAIL,1.0232480534666997
2,PASS,0.5939405107584417
3,FAIL,1.0759464955561793
4,PASS,1.429296197576214
