input,result,time,matrix_size
1,FAIL,1.4764043865930425,301
2,PASS,1.1176579160958802,957
3,FAIL,1.0424987750103973,598
4,PASS,1.3546135803107144,580
