input,result,time
1,PASS,0.6917241099218456
2,FAIL,0.7704773409466232
3,PASS,1.1161829906159595
4,FAIL,0.8842731752423184
