input,result,time
1,PASS,1.4543338153926921
2,FAIL,0.8519362404956907
3,PASS,1.3975427646494056
4,FAIL,1.269967186250089
