input,result,time
1,PASS,0.8359775423402552
2,FAIL,1.227771273214418
3,PASS,1.3151993953143135
4,FAIL,0.7176628434577385
