input,result,time
1,PASS,1.3463315580765878
2,PASS,0.7284816556735805
3,FAIL,1.2304560674084801
4,FAIL,1.4185266283960603
