input,result,time
1,PASS,1.37462490568007
2,FAIL,1.2960824048593027
3,PASS,1.3473187552829893
4,PASS,0.5332636373877864
