input,result,time
1,PASS,0.5349785770418882
2,FAIL,1.0610752340483804
3,PASS,1.2313457357473399
4,FAIL,1.203721968884619
