input,result,time
1,FAIL,0.6175256429036377
2,FAIL,1.4758838684185334
3,PASS,1.4325612038573405
4,FAIL,0.8917969385646658
