input,result,time
1,PASS,1.4838538296816166
2,FAIL,1.1973302508300514
3,FAIL,0.8895485073455688
4,FAIL,0.7637676864504621
