input,result,time
1,FAIL,1.0759591650494498
2,PASS,0.6932005796914208
3,PASS,0.762823821164462
4,FAIL,1.424871208707632
