input,result,time
1,FAIL,1.0006770213261564
2,FAIL,0.5720801573615169
3,PASS,0.589642476098737
4,FAIL,0.9211107588880808
