input,result,time
1,FAIL,1.1271607114618583
2,PASS,1.0024530743128972
3,PASS,0.6698195031717147
4,PASS,0.6483789376773756
