input,result,time
1,PASS,0.5752772798327345
2,FAIL,0.5782460996904688
3,FAIL,0.8712869442824993
4,PASS,1.2665910506061584
