test_case,result_difference,time_difference
1,2.4095333205768825,-0.02808645969526253
2,-0.24296034101832806,-0.01643697047875767
3,0.8234700731983697,-0.09967331715100007
4,1.5771574600777194,-0.1346295765420728
