input,result,time
1,PASS,0.7619531497027943
2,PASS,0.6631321529728945
3,PASS,1.3426887622604307
4,FAIL,0.7803130129874926
