input,result,time
1,FAIL,0.9274614056932559
2,PASS,0.5009032855212496
3,FAIL,0.5698143029596949
4,PASS,0.7264912779410216
