input,result,time
1,FAIL,1.0120807159237846
2,PASS,1.471763076113951
3,FAIL,0.8638447750916378
4,FAIL,1.2879157509538763
