input,result,time
1,PASS,1.416050908274991
2,FAIL,1.168782542992261
3,FAIL,0.5724739242488561
4,PASS,0.5054948178091627
