input,result,time
1,FAIL,1.3968482739337822
2,PASS,1.2646121653358038
3,FAIL,1.3646136050857949
4,PASS,0.6611166865008836
