input,result,time
1,FAIL,1.3623185468359025
2,FAIL,0.5486902959755285
3,PASS,0.7536425242568228
4,PASS,0.9461355126592019
