input,result,time
1,FAIL,0.7902520679193725
2,PASS,0.8509334690698127
3,FAIL,1.154644288291355
4,FAIL,0.8171132639403369
