input,result,time
1,FAIL,1.3984551143828154
2,PASS,0.5119902700029597
3,FAIL,0.8158216541645108
4,PASS,0.962196379092106
