input,result,time
1,FAIL,1.4871457218087507
2,FAIL,1.4967525907675359
3,PASS,0.9209145098070991
4,FAIL,0.6536978562770163
