input,result,time
1,PASS,1.478618342232764
2,FAIL,1.2991585642167236
3,FAIL,0.9614793622529318
4,PASS,1.2805291762864555
