input,result,time
1,PASS,1.4551260344725638
2,FAIL,0.7602465772917608
3,FAIL,0.6542777776580035
4,PASS,0.8121210152816999
