input,result,time
1,PASS,1.2339983398129095
2,PASS,0.8857275373604065
3,PASS,0.7325661911647144
4,PASS,1.3584204014821601
