input,result,time
1,FAIL,1.2223915186982364
2,PASS,0.8176318732739462
3,FAIL,0.8289537599189831
4,FAIL,0.5196916427237037
