input,result,time
1,PASS,0.5289948699816265
2,FAIL,0.8603505576518653
3,PASS,1.2188591785088077
4,PASS,1.1932493543020595
