input,result,time
1,PASS,1.0461327493471124
2,FAIL,0.8236137095467213
3,PASS,1.3135450174175773
4,FAIL,1.1974003783657658
