input,result,time
1,FAIL,1.2963025673926927
2,PASS,0.7327165710136356
3,FAIL,0.8224622296669009
4,PASS,1.0136749273903143
