input,result,time
1,PASS,1.4692058717176852
2,PASS,0.7656325475414473
3,PASS,0.5135087066267189
4,FAIL,0.9837528647017362
