input,result,time
1,FAIL,0.506203414709366
2,FAIL,0.5092844505059271
3,PASS,1.0320924091720287
4,FAIL,1.4427794095611937
