input,result,time
1,FAIL,0.6753720695152439
2,PASS,0.6158984688258797
3,PASS,1.3998667430000302
4,FAIL,0.5568772591453555
