input,result,time
1,PASS,1.2624107742953485
2,PASS,1.3729706683743896
3,PASS,1.1636423078727787
4,FAIL,0.9498675014890217
