input,result,time
1,FAIL,0.8029218851476589
2,FAIL,1.3601904868446195
3,PASS,0.7199122343893473
4,FAIL,1.4012463461374267
