input,result,time
1,FAIL,0.7208830096569461
2,FAIL,0.65661935673321
3,PASS,1.185941528274032
4,FAIL,1.446707485614258
