input,result,time
1,PASS,1.357978579001121
2,PASS,0.9533040523767575
3,FAIL,0.9343299034266521
4,FAIL,0.778468962069366
