input,result,time
1,PASS,1.4998972930711143
2,FAIL,0.6401400004821224
3,FAIL,0.8560662722464716
4,FAIL,1.170733400776515
