input,result,time
1,PASS,0.8059655905538909
2,PASS,0.8054729801243867
3,PASS,1.3726019267536065
4,PASS,0.7260976062274179
