input,result,time
1,FAIL,1.4670549180772197
2,FAIL,1.1150580206350962
3,FAIL,1.052439058991633
4,PASS,0.7959498335889278
