input,result,time
1,PASS,0.9098574499073387
2,PASS,1.2225000875099221
3,PASS,0.7387388407706993
4,PASS,1.4438275890731485
