input,result,time
1,FAIL,0.6537319894652919
2,FAIL,1.116689556304149
3,FAIL,0.7424065041569852
4,PASS,1.4421664820451574
