input,result,time
1,PASS,0.6528076354498852
2,PASS,1.401611069510674
3,FAIL,1.4869924910668593
4,FAIL,0.8274114040526824
