input,result,time
1,PASS,0.7913888205369027
2,PASS,0.5380446815350579
3,FAIL,1.4565441046882424
4,FAIL,1.1671688207038236
