input,result,time
1,PASS,0.9069464002715893
2,PASS,0.5445096271486205
3,FAIL,0.7478386469907697
4,PASS,0.6928807027579483
