input,result,time
1,FAIL,0.69513866225944
2,PASS,0.7072021488024639
3,FAIL,1.4474195185897651
4,PASS,1.3646408384568183
