test_case,result_difference,time_difference
1,-0.5022702277224402,-0.03516220009563652
2,-1.241970593425509,0.005472152238731905
3,0.7014328416185271,0.11682887740121879
4,0.6735025641414909,-0.06627225123705681
