input,result,time
1,PASS,0.5289525490269605
2,PASS,1.3956912912102033
3,FAIL,0.892568788462151
4,PASS,1.378372495379994
