input,result,time
1,FAIL,1.419211380999632
2,PASS,1.28175227000595
3,PASS,1.1779657036746665
4,PASS,1.1983746062050091
