input,result,time
1,PASS,0.7047813619358524
2,FAIL,0.5536629062915891
3,FAIL,1.0874885247317234
4,PASS,1.2726041436328024
