input,result,time
1,FAIL,0.62913462737681
2,PASS,0.5334243593105544
3,FAIL,1.1431637640104773
4,FAIL,0.6058746974893822
