input,result,time
1,FAIL,0.9370843903066036
2,FAIL,1.0663309957910325
3,FAIL,0.9234853348054857
4,FAIL,1.470563044922975
