input,result,time
1,FAIL,1.1573189166171418
2,PASS,1.01732608351608
3,PASS,0.9849656451580705
4,PASS,1.4011621706491617
