input,result,time
1,FAIL,1.0176121001025926
2,FAIL,0.9746679880301129
3,FAIL,0.6843625958255225
4,PASS,0.9347606442724343
