input,result,time
1,FAIL,1.2607435651046117
2,FAIL,0.8591106547826372
3,FAIL,1.2088975573529943
4,PASS,1.087375308023912
