input,result,time
1,PASS,0.8960982754233623
2,PASS,1.3960383875090772
3,PASS,1.138921076231313
4,FAIL,1.3915544372256772
