input,result,time
1,FAIL,0.7828069625764096
2,FAIL,0.6201965612131689
3,PASS,0.7961401975221449
4,PASS,0.618727718954244
