test_case,result_difference,time_difference
1,1.5063530599877846,0.015508587481056747
2,-1.9008337128021422,-0.04367896382643913
3,1.3886992894148225,0.030189079675652986
4,0.10164364070659195,-0.013025993825570605
