input,result,time
1,PASS,1.1670248224473783
2,PASS,1.1440071726683316
3,FAIL,1.0896215032118226
4,FAIL,0.8279963083893571
