input,result,time
1,FAIL,0.5006642185902045
2,FAIL,1.4416677953897565
3,PASS,0.7783252983201143
4,PASS,0.6858976028554975
