input,result,time
1,FAIL,1.464051168845601
2,PASS,1.2709400866027316
3,FAIL,0.856350902522021
4,PASS,0.5177479590617621
