input,result,time
1,FAIL,1.3020685238956138
2,FAIL,0.87441398387974
3,FAIL,0.8538190325726409
4,FAIL,0.8782678171051327
