input,result,time
1,FAIL,0.6928711504931122
2,FAIL,1.4053562421036552
3,FAIL,1.0481430277761117
4,PASS,0.803267368962792
