test_case,result_difference,time_difference
1,0.43590763216017603,0.014688469292115201
2,0.154975338428872,-0.028977906750956905
3,-0.01994184631485155,0.03501780068804406
4,-0.4584245400232932,0.12074494362359266
