input,result,time
1,FAIL,0.7277409933472865
2,FAIL,0.9467933203690811
3,FAIL,1.3369903652886839
4,PASS,0.7218240305099961
