input,result,time
1,PASS,0.8917781119087413
2,FAIL,1.405704833849427
3,FAIL,0.5263346597472877
4,PASS,0.5827234838626052
