input,result,time
1,PASS,0.8486332299682927
2,FAIL,0.6078496812606873
3,FAIL,0.8885892096203356
4,FAIL,0.9476782909599824
