test_case,result_difference,time_difference
1,-0.4958893690446263,-0.14507036978465515
2,-1.1360521666387382,0.0841459457138831
3,-0.12149946852433194,-0.07671667925387297
4,-1.138761175497614,0.1989136864744353
