input,result,time
1,PASS,1.388484732891456
2,PASS,0.8827836736554392
3,FAIL,0.5789554408062778
4,PASS,0.5923232189790295
