input,result,time
1,PASS,1.4980227877581007
2,FAIL,1.0339779236287958
3,FAIL,1.444202717913942
4,FAIL,0.8966101121260647
