input,result,time
1,PASS,1.1874989279996382
2,PASS,1.3701375452699804
3,PASS,0.5563189385059465
4,FAIL,1.0789466440091808
