input,result,time
1,PASS,0.5618192974236511
2,FAIL,1.0615605286240606
3,PASS,1.4205120542941219
4,PASS,0.9557324013716766
