input,result,time
1,FAIL,0.63159685036669
2,PASS,0.539210539213897
3,PASS,0.5252318272878161
4,PASS,0.7715502900064757
