input,result,time
1,PASS,1.182429573367613
2,FAIL,1.2683611440976326
3,FAIL,0.8207605619149588
4,FAIL,1.0592094014310387
