input,result,time
1,PASS,0.8302670356968992
2,FAIL,1.3138801419206358
3,PASS,0.6403839577993469
4,FAIL,0.7273624490775018
