input,result,time
1,PASS,1.0206777914825536
2,PASS,0.8979186148349377
3,FAIL,1.2745009548842021
4,FAIL,0.6409574765236937
