input,result,time
1,PASS,1.456149834124019
2,FAIL,0.8892372519522274
3,FAIL,1.1975177338688434
4,PASS,1.1341128049224443
