input,result,time
1,PASS,1.2592408471938876
2,PASS,1.058793371137312
3,FAIL,1.4130653909385387
4,PASS,1.4427880356890408
