input,result,time
1,FAIL,1.4790109190008227
2,FAIL,1.3988252193018174
3,PASS,1.0867171662232342
4,PASS,1.0881576704911717
