input,result,time
1,PASS,0.7720638782742318
2,FAIL,1.0607358225071297
3,FAIL,1.4298806230841925
4,FAIL,1.1799622373862482
