input,result,time
1,PASS,1.1339869213059075
2,FAIL,0.73057128969382
3,FAIL,0.7687090287568493
4,PASS,1.3002556035835235
