input,result,time
1,PASS,1.090279921728817
2,PASS,0.8114493955422006
3,FAIL,0.7482765670197002
4,FAIL,0.7779353572089586
