input,result,time,matrix_size
1,FAIL,1.2492544170632396,206
2,PASS,1.2316937564646904,301
3,PASS,0.5456146371508864,400
4,FAIL,0.7091570294808411,881
