input,result,time,matrix_size
1,FAIL,0.6709865986831315,546
2,PASS,0.9634509773844829,236
3,FAIL,1.3745729576449965,289
4,PASS,1.4441197509175634,229
