input,result,time,matrix_size
1,PASS,1.2037372792899164,707
2,FAIL,0.7884764370485287,940
3,PASS,0.9332880619820441,510
4,FAIL,1.256106693865041,550
