input,result,time
1,FAIL,0.5170407180478027
2,FAIL,1.0590468086359475
3,FAIL,1.0112031468396374
4,PASS,1.29390838309876
