input,result,time
1,FAIL,1.4739029580424035
2,PASS,0.5517176623407825
3,FAIL,1.2116193374491493
4,PASS,1.4436815284210032
