input,result,time
1,PASS,1.4910916111221972
2,PASS,0.9385702765479098
3,FAIL,1.3625830457045103
4,FAIL,1.1512489894508366
