input,result,time
1,FAIL,1.0761059503211987
2,PASS,0.5047398420303918
3,PASS,0.9720019907881028
4,FAIL,1.4439252259419582
