input,result,time
1,PASS,1.0024530743128972
2,PASS,0.6698195031717147
3,PASS,0.6483789376773756
4,PASS,1.2732591260670232
