input,result,time
1,PASS,0.6680425213679799
2,FAIL,0.564435445245756
3,PASS,0.764332757951716
4,FAIL,0.8483567530840184
