input,result,time
1,FAIL,1.245232960032129
2,FAIL,1.0269074490521803
3,PASS,0.9876763235382076
4,FAIL,0.5005459648969957
