input,result,time
1,PASS,0.8113169211206006
2,FAIL,0.947081545787378
3,FAIL,1.082301796582996
4,PASS,1.3484858488327287
