input,result,time
1,PASS,0.5844383264239479
2,FAIL,0.6654832283396132
3,FAIL,1.1254176103511686
4,PASS,1.122788994104225
