input,result,time
1,FAIL,1.269967186250089
2,FAIL,0.857424651594713
3,FAIL,1.1216654364532577
4,FAIL,0.7885699576516956
