input,result,time
1,FAIL,1.2137668684100165
2,FAIL,1.1391868992253924
3,FAIL,0.8991611452547731
4,FAIL,0.9317601276543193
