input,result,time
1,FAIL,0.8954107209186417
2,PASS,0.7305946366587215
3,FAIL,0.8440101756508539
4,PASS,1.4482967516582632
