input,result,time
1,FAIL,1.351808582757243
2,PASS,1.4623950738108005
3,FAIL,0.6105222940526606
4,FAIL,1.1308318084098037
