input,result,time
1,FAIL,0.7877976092729607
2,PASS,0.6871043424332928
3,FAIL,0.8007325639531537
4,FAIL,1.38699329703788
