input,result,time
1,PASS,0.7342916462498248
2,PASS,1.1986299508481588
3,FAIL,1.0036973051815163
4,FAIL,0.5257377755831153
