input,result,time
1,FAIL,1.2872101228213388
2,FAIL,0.5077660924085251
3,PASS,1.308456855178079
4,FAIL,1.1364284146301815
