input,result,time
1,PASS,1.156565091519849
2,FAIL,0.8853781083723083
3,FAIL,0.6076867770725944
4,PASS,0.6315727881274728
