input,result,time
1,PASS,0.5172896527411966
2,FAIL,1.0668964288000553
3,FAIL,1.1332924423782886
4,PASS,0.625421880915554
