input,result,time
1,FAIL,0.5136554064622926
2,PASS,1.112180873070558
3,FAIL,1.223623094398858
4,FAIL,0.7889067713573552
