input,result,time
1,PASS,1.29895316400818
2,FAIL,0.5779928178758246
3,FAIL,1.3049355721591271
4,PASS,0.5665963322355512
