input,result,time
1,PASS,1.152012859668614
2,FAIL,1.0043863235561108
3,FAIL,1.0576508144925705
4,FAIL,0.8178728472991873
