input,result,time
1,PASS,1.0385748089165445
2,FAIL,0.7875104802063387
3,FAIL,0.5032778214246333
4,PASS,0.5136354187941556
