input,result,time
1,FAIL,1.1531083254653984
2,PASS,0.7532916025397821
3,FAIL,0.9663107728563063
4,PASS,0.7444255920016027
