input,result,time,image_size
1,PASS,1.0039336118794355,2096
2,PASS,0.7962423883711427,2669
3,FAIL,1.385962269002118,2514
4,PASS,0.8518705609272555,2739
