input,result,time
1,FAIL,0.8117958819941026
2,PASS,1.1963434888154594
3,PASS,0.8777518392924809
4,FAIL,0.6796036775596348
