input,result,time,image_size
1,PASS,1.4372188255507021,3701
2,FAIL,1.458307359547793,2931
3,FAIL,1.2963194129250932,4054
4,FAIL,1.492073842812828,1721
