input,result,time,image_size
1,FAIL,1.4615701545414985,3172
2,PASS,0.7317016264712045,1516
3,FAIL,1.4493188224156814,2865
4,PASS,1.4413777047064986,2903
