input,result,time
1,PASS,0.5691730553393862
2,PASS,0.8644857694793784
3,FAIL,1.4789626373048343
4,PASS,0.7513399153672806
