input,result,time
1,PASS,0.539992801900717
2,FAIL,1.139705106075127
3,FAIL,0.9083029083397448
4,PASS,0.8774065725888873
