input,result,time
1,PASS,0.7975853747511801
2,PASS,0.6528076354498852
3,PASS,1.401611069510674
4,PASS,1.4869924910668593
