input,result,time
1,PASS,0.6096830621129585
2,FAIL,0.8216976184636222
3,PASS,0.926593909598879
4,FAIL,0.5245481165239776
