input,result,time
1,FAIL,0.7273624490775018
2,FAIL,0.5688519644933739
3,PASS,1.2057100439896078
4,PASS,0.8952332435363368
