test_case,result_difference,time_difference
1,-0.48539267386617174,0.04789401345345684
2,-0.7169384318122027,-0.0018619233195184713
3,2.9906528247100184,-0.23122738560469483
4,1.1281288639675418,-0.05465381089469971
