input,result,time
1,PASS,0.6459478901815131
2,PASS,1.1327656411063103
3,FAIL,1.292555167330446
4,FAIL,1.273332220369887
