input,result,time
1,FAIL,0.9175462198682908
2,PASS,1.387136203107771
3,FAIL,0.907826992644077
4,FAIL,1.2436305616542056
