input,result,time
1,FAIL,1.328146613216695
2,PASS,1.485108679337132
3,PASS,1.2833966455148058
4,PASS,1.0189899203864319
