input,result,time
1,PASS,0.8936297458372753
2,FAIL,0.8755493550845426
3,PASS,1.0681622441809497
4,FAIL,1.1679770724602179
