input,result,time
1,PASS,0.6114960572987156
2,FAIL,0.9589698601820683
3,PASS,0.8223335380466181
4,PASS,0.8165007454536064
