input,result,time
1,FAIL,0.8648573130917908
2,FAIL,0.9392749737328522
3,FAIL,1.4598271493776032
4,FAIL,0.9584911621831491
