input,result,time
1,FAIL,1.2861884994650608
2,PASS,1.24802279934327
3,PASS,1.293567368048352
4,PASS,0.8006511586967668
