input,result,time
1,PASS,0.7598933133974284
2,PASS,0.841519125772459
3,FAIL,0.5739597325759697
4,PASS,1.1025222160678787
