input,result,time
1,PASS,1.2638687239400839
2,PASS,0.8125109894974423
3,FAIL,0.6560982755369182
4,PASS,1.1514670607825366
