input,result,time
1,FAIL,0.5163285026837079
2,FAIL,0.6852323252361839
3,PASS,0.9012595008036087
4,PASS,1.4292914173027138
