input,result,time
1,PASS,1.4488610207205075
2,FAIL,0.5027032138935027
3,FAIL,1.147196653894036
4,PASS,1.1003922370976396
