input,result,time
1,FAIL,0.8918715663209383
2,FAIL,1.1493783751238258
3,FAIL,1.1680173285217914
4,FAIL,0.8414500352027866
