input,result,time
1,PASS,0.8198338893831543
2,PASS,0.6964509918209539
3,PASS,1.1715276967657582
4,FAIL,1.3429732964010843
