input,result,time
1,PASS,1.3339081961660306
2,FAIL,1.0631236280998508
3,PASS,0.6431410589023124
4,PASS,1.400812730962385
