input,result,time,image_size
1,PASS,0.5486902959755285,2802
2,PASS,0.7536425242568228,1382
3,PASS,0.9461355126592019,2580
4,FAIL,0.6046278887424741,3243
