input,result,time,image_size
1,FAIL,1.300798599067631,1233
2,PASS,1.0488463284661673,2800
3,FAIL,0.9733262004491432,3951
4,FAIL,1.1751259138207568,710
