input,result,time,image_size
1,FAIL,1.100212868131294,3485
2,FAIL,1.46319729526038,1469
3,PASS,0.6478013340653904,2106
4,FAIL,0.7569166436866691,2328
