input,result,time
1,PASS,1.3451637798976483
2,PASS,0.7840191839824286
3,PASS,1.3921052763229036
4,FAIL,0.923660622802054
