input,result,time
1,FAIL,1.0277147255728658
2,PASS,0.7375231379863497
3,FAIL,0.7713061012584662
4,PASS,0.7580592125384072
