input,result,time
1,PASS,1.4019236326293176
2,FAIL,1.358398134046686
3,FAIL,0.9616393613188368
4,PASS,0.8672514125601705
