input,result,time
1,PASS,1.168218229542771
2,PASS,0.7867166830403943
3,FAIL,0.5194624673093003
4,FAIL,0.8992223836579093
