test_case,result_difference,time_difference
1,0.6073556467125067,0.07577407388970409
2,1.1320668656193205,0.0019489495285975418
3,-1.5454682470559182,-0.16646142940760775
4,2.0216669907172773,0.019002314726089098
