input,result,time
1,FAIL,1.1762424822774629
2,PASS,1.379234763031327
3,FAIL,1.0436780538280952
4,PASS,0.7826996509455366
