input,result,time
1,PASS,0.9314895331502712
2,FAIL,1.3069529284575534
3,PASS,1.3586037740042678
4,PASS,1.059147326455753
