input,result,time
1,PASS,1.1658713983098399
2,FAIL,0.9008795636319853
3,PASS,1.2681946644627797
4,FAIL,1.0277147255728658
