input,result,time
1,FAIL,0.9741848122636217
2,FAIL,1.0147671040351862
3,PASS,0.640439521371053
4,PASS,1.2128923026989065
