input,result,time
1,PASS,1.479864118422371
2,PASS,1.3672860771213566
3,FAIL,0.7665046387489214
4,PASS,1.4637488571210464
