input,result,time
1,PASS,0.8881708912412729
2,FAIL,1.067762573924233
3,PASS,1.240586470433326
4,PASS,1.3335202953187766
