input,result,time
1,PASS,0.6910861831192052
2,FAIL,0.8138700039562236
3,FAIL,0.7727171029655098
4,PASS,1.3769647451141023
