input,result,time
1,FAIL,0.8827181981579947
2,PASS,0.891989326810261
3,FAIL,0.5018194947805292
4,FAIL,1.3299173651954892
