input,result,time
1,FAIL,0.5105857395863934
2,PASS,1.46492794294553
3,FAIL,1.4620232533557238
4,PASS,0.7175522102800385
