test_case,result_difference,time_difference
1,1.6434666427287488,0.05385000464202863
2,0.3211564305626656,0.10129592495155289
3,0.43739030135236256,0.06909468411202105
4,-1.1683376385147937,0.14722761836974801
