input,result,time
1,FAIL,0.8833814028238541
2,FAIL,1.3554837612182111
3,FAIL,1.132938821195971
4,FAIL,1.4139090700397232
