input,result,time
1,FAIL,0.8498976805038789
2,PASS,1.206410577667011
3,PASS,0.5245770243069661
4,PASS,1.1339869213059075
