input,result,time
1,PASS,1.156761958440837
2,PASS,1.3620625958512074
3,PASS,0.5972579947876406
4,FAIL,0.9977769078253418
