input,result,time
1,PASS,1.4792863199891775
2,FAIL,1.3615909639255634
3,PASS,0.8590970877302962
4,FAIL,1.38770083572732
