input,result,time
1,PASS,1.0167387148180485
2,FAIL,1.2771927284034406
3,FAIL,0.6231796488545039
4,PASS,0.9644903532208423
