input,result,time
1,FAIL,0.6171178675287154
2,PASS,1.1283249825850743
3,FAIL,0.9145466172444473
4,FAIL,1.348925628762334
