input,result,time
1,FAIL,1.007945845679487
2,FAIL,1.4820588793308578
3,FAIL,1.225624537558745
4,PASS,0.6270953477225925
