input,result,time
1,PASS,1.2578241076908905
2,PASS,0.5000736994331061
3,PASS,0.7542400891795997
4,PASS,1.24910060664972
