input,result,time
1,FAIL,0.8914920777411085
2,FAIL,0.5639161532228144
3,FAIL,1.3315311902171358
4,FAIL,1.0606483721846687
