input,result,time
1,FAIL,0.7033958419986956
2,FAIL,0.6761038377894961
3,PASS,0.8198073353960721
4,FAIL,1.3168251414784375
