test_case,result_difference,time_difference
1,-1.2339091708156176,-0.15831686250690247
2,-0.32832340919819547,0.1400247741183825
3,1.655408071133468,-0.04414859181642226
4,0.9330880941601987,-0.03805972399429202
