test_case,result_difference,time_difference
1,-1.2894201280922477,-0.15470965493959657
2,-0.286669138741984,0.06027891891725987
3,0.16021068296815538,-0.05105055059115089
4,0.49827396075499497,0.13919680386592684
