input,result,time
1,FAIL,0.8099121450813775
2,PASS,1.0253484453047477
3,PASS,1.1316266492987475
4,FAIL,1.1893889263546131
