input,result,time
1,PASS,1.4755215050028858
2,PASS,1.355803342392611
3,PASS,0.511714084185002
4,FAIL,0.8599780644783639
