input,result,time
1,FAIL,1.1563295894652734
2,FAIL,0.6381829513486138
3,FAIL,0.6965823616800535
4,FAIL,0.8687251706609641
