input,result,time
1,PASS,0.6774467049232741
2,FAIL,0.8901462461041643
3,PASS,1.3946198418484914
4,FAIL,0.7322434982489026
