input,result,time
1,PASS,0.5300584809395684
2,FAIL,0.7276387112498628
3,PASS,1.2367830617121958
4,FAIL,1.351178208970068
