input,result,time
1,PASS,0.8154283509241839
2,PASS,0.8637107709426226
3,FAIL,1.0701967704178796
4,PASS,0.9386015134623203
