input,result,time
1,FAIL,1.278345482025909
2,FAIL,1.4495710534507422
3,PASS,1.1625268669500444
4,FAIL,0.5135716356121098
