input,result,time
1,PASS,1.4365537663271488
2,PASS,1.2892133939120307
3,PASS,1.386506774944171
4,FAIL,0.6616692260526909
