input,result,time
1,PASS,0.5414361317327193
2,PASS,0.9008401541544574
3,FAIL,1.2903403526216723
4,PASS,1.1484683580489194
