input,result,time
1,PASS,1.3733194279019036
2,PASS,0.94447895535227
3,FAIL,1.002393293907101
4,PASS,1.040047963693692
