input,result,time
1,PASS,1.2416031071523237
2,PASS,1.2705440616163655
3,PASS,1.408248379234579
4,PASS,0.6503497568713703
