input,result,time
1,FAIL,1.431952899055927
2,PASS,0.9802954978783837
3,FAIL,1.0920882119379112
4,FAIL,1.3287343019721471
