input,result,time
1,FAIL,0.8650998770600098
2,FAIL,0.690566914940068
3,FAIL,0.5191228974486898
4,FAIL,1.0181498137911742
