input,result,time
1,FAIL,1.3054624374049966
2,PASS,1.0861079417411448
3,PASS,1.0692869199842945
4,FAIL,1.0120807159237846
