input,result,time
1,PASS,1.1939564109345475
2,FAIL,0.5908857320324095
3,PASS,0.727759501537861
4,FAIL,0.9103015626901256
