test_case,result_difference,time_difference
1,-0.5555156394244354,-0.07736664231223911
2,1.101330716542884,-0.08213001281945198
3,0.7652025965269454,-0.09759731298247185
4,-2.112853769681338,0.0572987394315618
