input,result,time
1,FAIL,0.6512347887092521
2,FAIL,0.6197520637969783
3,PASS,0.6268268850542476
4,FAIL,1.1327975786020128
