input,result,time
1,PASS,0.7082532521214838
2,FAIL,1.4323939389604945
3,PASS,0.7153982043432382
4,FAIL,1.3583376386342625
