test_case,result_difference,time_difference
1,0.31101637328720977,0.07629185362667129
2,-0.43756256183115616,0.11556040342165488
3,-0.6448846883839764,0.02017997969277803
4,-1.364932107678017,0.0806752765229574
