input,result,time
1,FAIL,0.639745778864955
2,PASS,0.8305963007592103
3,FAIL,0.5510530646919236
4,PASS,0.8312688802927263
