input,result,time
1,FAIL,1.1313518640485367
2,FAIL,1.2951621306965382
3,FAIL,0.804419139269518
4,PASS,0.8554685273459512
