input,result,time
1,FAIL,1.1020755221947982
2,FAIL,1.0904214750302634
3,PASS,1.0458536352463983
4,FAIL,1.439095709549539
