input,result,time
1,PASS,1.130447936866791
2,PASS,1.374287966624947
3,PASS,0.7930202845077967
4,PASS,1.348943555312918
