input,result,time
1,PASS,1.157268034039756
2,FAIL,1.3066742016373327
3,FAIL,0.8575471823912433
4,FAIL,1.2093039832665546
