input,result,time
1,FAIL,0.9689280239559175
2,PASS,0.9638990995070992
3,FAIL,1.3453100354004441
4,FAIL,1.3367891202856037
