input,result,time
1,PASS,0.5553563131343638
2,PASS,1.1808601208111376
3,FAIL,1.423341084521733
4,PASS,0.9930168542378287
