input,result,time
1,FAIL,1.1057481432183434
2,PASS,1.0525910340965465
3,FAIL,1.0952021043489908
4,PASS,1.309750765250559
