input,result,time,matrix_size
1,PASS,1.3338182342258864,195
2,PASS,1.4147906602686022,452
3,PASS,1.167284844044465,596
4,PASS,0.9406660930341381,308
