input,result,time,matrix_size
1,PASS,0.9321480499248166,544
2,FAIL,1.2521345209879338,517
3,PASS,1.3296022479277192,384
4,PASS,0.8790337721038182,936
