input,result,time,matrix_size
1,PASS,0.8519362404956907,958
2,FAIL,1.3975427646494056,200
3,FAIL,1.269967186250089,234
4,FAIL,0.857424651594713,132
