input,result,time
1,FAIL,0.9143661107936976
2,FAIL,1.0614685484318405
3,PASS,1.439029560907028
4,FAIL,0.8307082733077016
