test_case,result_difference,time_difference
1,1.4374080819629889,-0.007062762903830283
2,-0.775370095325907,-0.076804541154751
3,-0.1055217463172137,0.07088985270487223
4,0.7676312270222473,-0.11710072645029812
