input,result,time
1,PASS,0.9972313969773726
2,PASS,0.8920217173051701
3,PASS,0.6439765340953817
4,FAIL,1.3048229649897223
