input,result,time,image_size
1,PASS,0.6399725854932017,1242
2,PASS,0.5332223852661773,2482
3,FAIL,1.4825749598251936,3436
4,FAIL,0.8732907507832548,2307
