input,result,time,image_size
1,FAIL,1.2034947841347021,3793
2,PASS,0.6816312004920487,1991
3,FAIL,1.0123934632959037,3028
4,PASS,1.0804471371881301,2009
