input,result,time,image_size
1,PASS,0.7586840668894077,1691
2,PASS,1.349038308428511,1208
3,PASS,0.5333046265466962,3704
4,FAIL,1.4589827218634737,833
