input,result,time
1,PASS,0.9731429784656442
2,FAIL,1.3822836719191074
3,PASS,1.233289134316726
4,FAIL,0.9097262056307436
