input,result,time
1,FAIL,1.471763076113951
2,FAIL,0.8638447750916378
3,FAIL,1.2879157509538763
4,FAIL,1.0552941074669597
