input,result,time
1,PASS,1.3136417512625242
2,PASS,1.3843568107392732
3,FAIL,0.8952596927073313
4,FAIL,1.0344539117018643
