input,result,time
1,FAIL,1.1646787233813294
2,PASS,1.4782289311177785
3,FAIL,1.302187920876386
4,FAIL,0.7748443942142614
