input,result,time
1,PASS,0.6122243158282885
2,FAIL,0.693334640766914
3,PASS,0.8466078106091718
4,FAIL,1.0065316826226238
