test_case,result_difference,time_difference
1,0.6150198285171901,-0.15297235868869585
2,-0.9951557018123145,-0.10775961656932297
3,-0.5644850081523025,-0.1040875768647534
4,-0.07144152669928665,-0.23458088668899924
