test_case,result_difference,time_difference
1,0.09401955765844902,0.007215157447615502
2,-2.4405252261945045,0.11914596290665512
3,-0.4249532434774075,-0.14209750243845368
4,-0.361358284956258,-0.052604380552898615
