input,result,time,image_size
1,PASS,0.974867515408942,1688
2,PASS,0.9701321892557652,1103
3,PASS,1.2160745312286432,2601
4,FAIL,0.7879910043632805,2834
