input,result,time,image_size
1,FAIL,1.214696936237357,676
2,FAIL,0.9694971830911709,1118
3,PASS,0.9560146232178672,3188
4,FAIL,1.406418087060171,1727
