input,result,time,image_size
1,FAIL,0.5139483959334153,1560
2,PASS,1.033465681750929,1210
3,PASS,0.8045820306759077,804
4,FAIL,1.382859998043791,2915
