input,result,time
1,FAIL,0.6317978624043922
2,PASS,1.2163272041185655
3,FAIL,0.7894060929472011
4,PASS,0.6831913620071168
