input,result,time
1,PASS,0.8631698314304626
2,FAIL,0.9292359743756058
3,PASS,0.5750907908199109
4,PASS,0.8230977222954627
