input,result,time
1,FAIL,1.3341459812728087
2,FAIL,1.376754891205513
3,FAIL,0.9522930079545212
4,PASS,0.849244062346523
