input,result,time
1,FAIL,1.147028185096577
2,FAIL,0.7566766059659287
3,FAIL,0.7926742915162086
4,PASS,1.0951436821650138
