input,result,time
1,FAIL,0.9317601276543193
2,PASS,1.1145276998103206
3,PASS,0.5700421901446446
4,FAIL,1.3224067383556903
