input,result,time
1,FAIL,0.9541652683483981
2,PASS,1.3652114629106293
3,FAIL,1.4550641453735598
4,FAIL,1.0189256786371652
