input,result,time
1,PASS,1.3156665573259463
2,FAIL,1.3589865168226205
3,FAIL,1.157096225498859
4,PASS,1.01952014323242
