input,result,time
1,FAIL,0.7916661334230033
2,PASS,1.2763336816594462
3,PASS,0.773349707792591
4,PASS,0.8805828679202846
