input,result,time
1,PASS,0.904773628957148
2,PASS,1.1012771725737762
3,PASS,1.27193086740896
4,FAIL,0.9130861259038863
