input,result,time
1,FAIL,1.3069004314756372
2,PASS,1.1428574243700405
3,FAIL,0.5429293386418895
4,PASS,0.6579475689274509
