input,result,time
1,FAIL,1.383825446444558
2,PASS,1.3534493333489572
3,PASS,0.8562531775378994
4,PASS,1.2571297778090655
