input,result,time
1,FAIL,1.3836124413862283
2,PASS,0.8398365021330905
3,PASS,0.9540337449242995
4,FAIL,0.989184948171304
