input,result,time
1,PASS,1.340557191131102
2,PASS,0.5875717755571813
3,FAIL,1.4755121838295033
4,PASS,1.204412213094957
