input,result,time
1,FAIL,0.7908409066567426
2,PASS,0.6797952908335416
3,FAIL,0.8455056563563345
4,PASS,0.9800608878207556
