input,result,time
1,PASS,0.6544254246546003
2,PASS,0.8126898434860351
3,PASS,1.3843242263891349
4,PASS,1.4585323442450648
