input,result,time
1,PASS,0.7885699576516956
2,FAIL,1.3743999170748422
3,PASS,0.6124273172123113
4,PASS,0.712434361294041
