input,result,time,matrix_size
1,PASS,0.7460631849909645,413
2,PASS,1.1658591175591877,575
3,PASS,1.0173085172022889,445
4,FAIL,0.9240889884358493,487
