input,result,time
1,PASS,1.1720478073539145
2,FAIL,0.7453672098528448
3,FAIL,0.9205394666800985
4,PASS,1.057368791323917
