input,result,time,matrix_size
1,FAIL,1.246836371748599,170
2,FAIL,1.1089886142207679,121
3,FAIL,1.0790112064247337,834
4,FAIL,0.6700996390087127,807
