input,result,time,matrix_size
1,FAIL,0.765905627336791,582
2,FAIL,1.328146613216695,293
3,FAIL,1.485108679337132,660
4,PASS,1.2833966455148058,314
