input,result,time
1,FAIL,0.5857946005198351
2,PASS,0.5626888620236405
3,PASS,0.7781165127648617
4,FAIL,0.6693126905436008
