input,result,time
1,FAIL,1.3952923984435404
2,PASS,1.1467754464179585
3,PASS,0.9974798497577005
4,FAIL,0.8701952452183618
