test_case,result_difference,time_difference
1,0.7364336782879225,-0.08310763931509224
2,-1.6395761319585835,0.010991684850172635
3,0.7865013896340104,0.08070633976318081
4,2.685126420363664,0.11880519294534604
