test_case,result_difference,time_difference
1,-0.4261765907120885,-0.04439337520241644
2,-0.5147131311199349,0.0008648262758761133
3,-1.247709412196828,0.06240690910233322
4,2.7160524492321283,-0.04967835101128971
