input,result,time
1,PASS,1.3683484121800833
2,FAIL,1.0677087225528872
3,FAIL,0.9017565502012578
4,FAIL,0.6729615049452295
