input,result,time
1,PASS,0.8803351835275731
2,PASS,0.6478086766972724
3,PASS,1.1849344386835594
4,FAIL,1.156761958440837
