input,result,time
1,PASS,0.7295674446919498
2,PASS,1.0068629584873134
3,FAIL,1.2368531616807856
4,PASS,0.5976763674477241
