input,result,time
1,FAIL,1.1242068152728204
2,FAIL,0.7336776252186992
3,PASS,0.5825864807652454
4,FAIL,1.3968926553627128
