test_case,result_difference,time_difference
1,0.23231967876665638,-0.04972109694599603
2,-0.5865188424124952,-0.059571892076022294
3,-0.14701640287305234,-0.05110780848460599
4,-0.20942890345715912,-0.01050690193818596
