input,result,time
1,PASS,1.2645619743577086
2,PASS,1.1982484778182907
3,FAIL,0.8354981696758996
4,FAIL,0.6476855782067074
