input,result,time
1,PASS,1.101974630016453
2,PASS,1.4537871401635125
3,FAIL,1.4507471349458638
4,PASS,0.9011596676570899
