input,result,time
1,FAIL,1.4156528409858125
2,PASS,0.5192320593515485
3,FAIL,1.0698721513148088
4,PASS,0.7946502419545467
