input,result,time
1,FAIL,1.3927071642489817
2,FAIL,0.6035784634483722
3,PASS,0.5180963582014751
4,FAIL,1.0905853790479338
