input,result,time
1,FAIL,0.9450016890894074
2,FAIL,0.7574664780802747
3,FAIL,1.4585944465253111
4,PASS,1.3180573965471907
