input,result,time
1,FAIL,1.1396222429637417
2,PASS,1.448540301128841
3,PASS,1.2782761672964438
4,FAIL,1.348345269790006
