input,result,time
1,FAIL,0.7949139274078525
2,FAIL,1.3985748587676596
3,PASS,1.218629297908742
4,PASS,0.9026077466886971
