input,result,time
1,PASS,0.7181557482678081
2,PASS,0.7354534810222159
3,FAIL,0.697388262222114
4,FAIL,0.898687219691122
