input,result,time
1,FAIL,0.8401007461241111
2,PASS,0.5685968347538843
3,PASS,0.728907599724394
4,FAIL,0.8579839368611963
