input,result,time
1,FAIL,0.9525149547686979
2,FAIL,1.4714355749376176
3,FAIL,1.0416330108548228
4,PASS,0.5249456298114434
