input,result,time
1,FAIL,1.3078216945538765
2,PASS,0.9960236851201432
3,PASS,0.8973055288818702
4,PASS,0.983599089308441
