input,result,time
1,PASS,1.4095826774815607
2,PASS,1.260941887174456
3,PASS,0.567746220550396
4,PASS,1.283905477285034
