input,result,time
1,FAIL,1.289869503109125
2,PASS,0.8172601972499828
3,FAIL,1.4792702400358184
4,FAIL,1.1496564952358357
