input,result,time
1,PASS,1.080080264182171
2,PASS,1.1935917407956036
3,PASS,1.1734584835406308
4,PASS,1.4529367945610194
