input,result,time
1,PASS,1.4152162057446258
2,FAIL,1.2178361007759673
3,FAIL,0.7329908151835295
4,PASS,0.6690113561208534
