input,result,time
1,FAIL,0.8899408106411987
2,FAIL,1.3757423602360364
3,PASS,1.0388371349553096
4,FAIL,1.1618233182594109
