input,result,time
1,FAIL,0.9644903532208423
2,PASS,0.6182361287358663
3,FAIL,0.73361814501958
4,FAIL,0.6418672597402586
