input,result,time
1,PASS,0.8782678171051327
2,PASS,1.1578621337264283
3,FAIL,0.8594531510216522
4,PASS,1.4003674516042257
