input,result,time
1,FAIL,0.9053735828485561
2,PASS,0.8210429900432169
3,FAIL,0.5299503249047494
4,PASS,1.2372542425964772
