input,result,time
1,PASS,0.5005459648969957
2,PASS,0.9254017253550547
3,FAIL,0.5635537748361584
4,PASS,0.7082532521214838
