input,result,time
1,PASS,0.9981686509230138
2,PASS,1.176472636839132
3,FAIL,0.9881677947232135
4,FAIL,1.1730065611728657
