input,result,time
1,PASS,0.648038679277762
2,PASS,1.3239900940026956
3,FAIL,0.5149762602190194
4,PASS,0.957388698785811
