input,result,time
1,FAIL,1.0956690044386952
2,PASS,0.6740825110536657
3,PASS,0.9765403405180947
4,PASS,0.6730722603634683
