input,result,time
1,PASS,1.1781206255623198
2,FAIL,0.6704394538527316
3,PASS,0.7929749272789229
4,FAIL,0.7741681438901185
