input,result,time
1,PASS,0.6418672597402586
2,PASS,0.8618012391691393
3,PASS,0.8816393203959259
4,FAIL,1.4473085818332407
