input,result,time
1,FAIL,1.0968014757495856
2,PASS,1.254052407587353
3,PASS,0.9800534139565423
4,PASS,0.6246928436675317
