test_case,result_difference,time_difference
1,-1.4332212959170387,-0.02046289734671251
2,-1.7318301119473567,-0.045277812696449954
3,0.7338839429199144,-0.10074710527024973
4,0.9514330429519444,0.07435060181674812
