input,result,time
1,PASS,1.30229534842684
2,FAIL,1.0999439886719449
3,FAIL,1.1892093233176393
4,PASS,1.3251185152103038
