input,result,time
1,PASS,1.3614131648511112
2,PASS,1.1933527454806168
3,PASS,0.6364808582466966
4,PASS,0.55703749773715
