input,result,time
1,FAIL,0.9036529212588489
2,PASS,1.1507425167079213
3,PASS,0.758577462287864
4,FAIL,0.7762190430197327
