input,result,time
1,FAIL,1.3453055358200232
2,FAIL,1.3785250699139462
3,PASS,1.3998607736687902
4,PASS,1.3095560306640606
