input,result,time
1,FAIL,0.5870976575688134
2,PASS,1.3208639637467314
3,PASS,1.3755188636630427
4,PASS,1.450925046871371
