test_case,result_difference,time_difference
1,0.8446872331635977,-0.06968942403514405
2,-0.8534211463044937,0.09410579751365784
3,0.6889382367473422,0.015048654952780486
4,0.31797942540807056,0.08088772294991335
