input,result,time
1,FAIL,1.266669301027875
2,PASS,0.7663703916090968
3,FAIL,0.8685989199435754
4,FAIL,0.7192793852030676
