input,result,time
1,PASS,0.9284821544892344
2,PASS,0.6164522810924414
3,PASS,0.7477964557251887
4,FAIL,1.2422715692297919
