input,result,time
1,FAIL,0.5100636956560933
2,FAIL,0.9758261958572227
3,FAIL,1.2087703909410488
4,FAIL,0.5439754320240906
