input,result,time
1,PASS,0.6120718808749152
2,FAIL,0.8214219252756647
3,PASS,0.7847797050309543
4,PASS,0.94462536010242
