input,result,time
1,PASS,1.4371170419405177
2,PASS,1.4233053075587083
3,FAIL,0.7828368521760829
4,FAIL,0.8396310441661992
