input,result,time
1,FAIL,1.177775138229162
2,PASS,0.6780851713246544
3,FAIL,0.9278757110956484
4,FAIL,1.2297901578615846
