input,result,time
1,FAIL,1.117237946618148
2,PASS,1.414398886797885
3,PASS,1.313581681651062
4,FAIL,0.9986393527400405
