input,result,time
1,PASS,1.0149759198492707
2,PASS,1.2738723149927509
3,FAIL,0.9402828120733348
4,PASS,1.4406168876405112
