input,result,time
1,PASS,0.7977229475556213
2,FAIL,0.7270177717960579
3,PASS,0.6251616579613429
4,PASS,1.4642097566160448
