input,result,time
1,PASS,0.7026425780104414
2,FAIL,1.0646648521915154
3,PASS,0.6310209894322878
4,FAIL,0.871044958887448
