input,result,time
1,PASS,0.8920217173051701
2,FAIL,0.6439765340953817
3,FAIL,1.3048229649897223
4,FAIL,1.21337040541456
