input,result,time
1,PASS,0.9959750270792086
2,PASS,1.4758464133154727
3,PASS,0.9976331570908407
4,FAIL,0.7787914166910554
