input,result,time
1,PASS,0.9382559469717036
2,PASS,0.7027960411869952
3,FAIL,0.9235876367143044
4,PASS,0.8577578840803387
