input,result,time
1,FAIL,1.2080749334877576
2,FAIL,1.421915799248565
3,PASS,0.7172756300280083
4,PASS,0.614924349988232
