input,result,time
1,PASS,1.2917614211803707
2,PASS,0.6081655244763376
3,FAIL,0.8923189400654594
4,PASS,0.7212181277315923
