input,result,time
1,FAIL,0.7286465509829455
2,PASS,1.1771411441114241
3,PASS,1.0928802707811576
4,FAIL,0.5100636956560933
