input,result,time
1,PASS,0.6864886985455927
2,PASS,1.4560428100523692
3,FAIL,0.6972559945948279
4,PASS,1.0264695786908022
