input,result,time
1,PASS,1.1611175115080994
2,FAIL,0.9402637528294918
3,PASS,0.5764867690302854
4,FAIL,1.1964631446525007
