input,result,time
1,FAIL,1.3754513240932962
2,FAIL,0.5738262815642485
3,PASS,0.9909663855404744
4,FAIL,1.217559500212526
