input,result,time
1,PASS,1.4154076488518006
2,FAIL,0.6465837361510567
3,FAIL,1.4191710007237996
4,PASS,0.9116264595084367
