input,result,time
1,FAIL,0.6397301515397661
2,PASS,1.3825859737322466
3,FAIL,0.5802066623300786
4,FAIL,1.007635469717754
