input,result,time
1,PASS,1.3242664697032285
2,PASS,1.1077418473858511
3,PASS,0.9877645594977067
4,PASS,0.5133161132464673
