input,result,time
1,PASS,1.0966833055629759
2,PASS,1.4401405978055166
3,FAIL,1.294431083860918
4,FAIL,0.5381738026126535
