test_case,result_difference,time_difference
1,1.6249611545927904,0.04852757077678666
2,0.7120606442112203,-0.03867213557735456
3,-0.11980673075836978,0.17226814985955122
4,0.39079170900436044,0.05535562835553309
