input,result,time,matrix_size
1,PASS,0.5923738894608982,316
2,PASS,0.8540466620838102,481
3,FAIL,1.051816259133259,124
4,FAIL,0.533625093498832,167
