input,result,time,matrix_size
1,FAIL,1.3920496580813289,189
2,FAIL,0.6334652095813622,174
3,FAIL,1.2791919742513884,599
4,FAIL,1.4251634258375487,838
