input,result,time
1,PASS,1.328940029217363
2,FAIL,0.5046954761925471
3,PASS,1.17781653679623
4,PASS,0.7700079731921649
