input,result,time,matrix_size
1,FAIL,0.7539416425950258,695
2,PASS,0.713311977367482,747
3,PASS,1.0182007139306632,673
4,PASS,0.5256627180545316,753
