input,result,time
1,FAIL,0.7803581370456654
2,PASS,1.009670632633843
3,FAIL,0.8637038900669486
4,PASS,1.1544651329573343
