input,result,time
1,FAIL,1.2119803219906573
2,PASS,0.8995796468766919
3,PASS,1.2895272704551828
4,PASS,0.663832981035226
