test_case,result_difference,time_difference
1,-1.8214341049496847,-0.021103154469401548
2,0.46410180866768075,0.04833693235634548
3,-2.015274301468153,0.020844733537709523
4,-1.192135983332505,-0.11299177735565889
