input,result,time
1,FAIL,0.67477200416094
2,FAIL,0.8891346771011858
3,PASS,1.4521426972954208
4,PASS,0.8000289194759296
