input,result,time
1,FAIL,1.120906516757561
2,FAIL,1.3030711984230494
3,PASS,0.5757913705785401
4,FAIL,1.482106578898251
