input,result,time
1,PASS,0.8470505093923801
2,PASS,1.1326475367092674
3,PASS,0.6759376343344612
4,PASS,1.2897594364262526
