input,result,time
1,PASS,0.6693804738791826
2,FAIL,1.1231643859395917
3,PASS,1.2494558741248385
4,FAIL,1.4151153109134114
