input,result,time
1,FAIL,1.3266830318458958
2,FAIL,1.1602909185597778
3,PASS,1.259536309146133
4,PASS,0.9929217499970573
