input,result,time
1,PASS,1.3381919245159608
2,FAIL,0.5224793714666066
3,PASS,0.6367326597728747
4,PASS,1.1290302773067729
