input,result,time
1,PASS,1.1941473860035723
2,FAIL,1.4063729869415142
3,PASS,1.2454220499386235
4,PASS,0.6087185514151806
