input,result,time
1,PASS,1.4655166391374732
2,FAIL,1.3590026396580586
3,PASS,0.6520272272095695
4,PASS,0.5006642185902045
