input,result,time
1,PASS,1.116618443552074
2,PASS,1.4004101465401795
3,FAIL,0.6731932362285876
4,FAIL,1.3751996098363184
