input,result,time
1,FAIL,0.9524814831008518
2,FAIL,0.9403857249002554
3,PASS,1.1541985646678934
4,FAIL,1.41648539874649
