input,result,time
1,PASS,1.0009138544383622
2,FAIL,1.403390785131573
3,PASS,0.5435877536162893
4,FAIL,0.6593637009760243
