input,result,time
1,PASS,0.9733262004491432
2,FAIL,1.1751259138207568
3,PASS,0.5213586829383483
4,PASS,0.6023168158875942
