input,result,time
1,FAIL,1.3882650405440435
2,FAIL,1.3603106783434196
3,FAIL,1.1529997609452431
4,FAIL,0.8442891646989389
