input,result,time
1,PASS,1.0968195136326637
2,PASS,1.4320567294968993
3,PASS,1.2677775936201332
4,PASS,1.3339456009665605
