input,result,time
1,FAIL,1.0369230010823904
2,FAIL,0.6104771109917447
3,FAIL,0.9050356132969499
4,FAIL,0.9053735828485561
