input,result,time
1,PASS,1.4054041761127567
2,FAIL,0.7781261473614135
3,FAIL,1.3113958196551263
4,PASS,0.8440449044960803
