input,result,time
1,FAIL,0.646896005258908
2,FAIL,1.0438625647258633
3,FAIL,1.470313009411401
4,FAIL,0.8544447502943872
