input,result,time
1,PASS,0.5710360581978869
2,FAIL,0.5871292997015407
3,FAIL,0.5202183974403257
4,FAIL,1.332619845547938
