input,result,time
1,PASS,0.988433087935833
2,FAIL,1.4801590374409925
3,PASS,0.9226100738310485
4,FAIL,0.8266352296260078
