input,result,time
1,FAIL,1.378360124130141
2,PASS,1.1332992091355831
3,FAIL,0.5960830102427125
4,FAIL,1.0921911832712978
