test_case,result_difference,time_difference
1,0.35340548566534247,-0.19138966197318172
2,-0.4855657960254362,-0.023514639555920272
3,-1.054074441434444,0.05556157634821116
4,-0.6303047820264467,0.10229776657381191
