input,result,time
1,PASS,0.9104244168531189
2,FAIL,0.992439299643299
3,PASS,0.7212721130685357
4,PASS,0.7604042569079714
