input,result,time
1,PASS,0.5579092768962602
2,PASS,0.7913888205369027
3,PASS,0.5380446815350579
4,PASS,1.4565441046882424
