input,result,time
1,PASS,1.371785734755493
2,FAIL,1.0027207611453242
3,PASS,1.4223479817966331
4,PASS,1.0413807937571358
