input,result,time
1,FAIL,1.4217190668708333
2,FAIL,1.3052638555791751
3,FAIL,1.2239413985013259
4,FAIL,1.0591737821017022
