input,result,time
1,FAIL,1.0230063893232222
2,FAIL,0.8205653279867936
3,FAIL,0.5030995410843868
4,FAIL,1.0973029395241212
