input,result,time
1,FAIL,0.689753616526078
2,FAIL,1.0208747951515722
3,FAIL,0.8759942708848374
4,PASS,0.7420997082858559
