input,result,time
1,PASS,0.6889099797643303
2,FAIL,0.6098000218312736
3,PASS,1.202203582946622
4,FAIL,1.0933374430713052
