input,result,time
1,PASS,0.958212259758612
2,FAIL,1.257406555821726
3,FAIL,0.703620932077232
4,PASS,1.06631160555433
