test_case,result_difference,time_difference
1,-0.9186214723274871,0.04764426282336444
2,-0.21254896573573467,-0.2134597567866559
3,0.2012389175085361,-0.08379688429882164
4,1.0575701732070997,-0.030506708959490033
