input,result,time
1,FAIL,0.5357426825004837
2,PASS,1.270128124191582
3,PASS,1.002105580724113
4,FAIL,1.2861884994650608
