input,result,time
1,PASS,0.5195518019211783
2,PASS,1.3596033331920117
3,PASS,1.3666374575953038
4,FAIL,0.6927186777915356
