input,result,time
1,FAIL,0.6883995227828043
2,PASS,0.9358412131383109
3,PASS,1.238592221242941
4,FAIL,1.0265842599978379
