input,result,time
1,PASS,0.5020646355744217
2,PASS,0.6989113346668596
3,FAIL,1.45612315955996
4,FAIL,0.8304405726028439
