input,result,time
1,FAIL,1.3113794039634867
2,FAIL,1.3156175864366617
3,FAIL,1.2503431870350203
4,FAIL,0.787833762140073
