input,result,time
1,PASS,1.4933779936899052
2,FAIL,0.7743682900876313
3,FAIL,1.4522486220717061
4,PASS,1.0018363367370506
