input,result,time
1,PASS,0.918892426518415
2,PASS,1.4107252348428405
3,FAIL,1.003527819782402
4,PASS,1.1208415624424766
