input,result,time
1,FAIL,1.2682362427575407
2,PASS,1.3444813005682734
3,PASS,0.5932989639311987
4,PASS,0.6287441373749326
