input,result,time
1,PASS,0.5976763674477241
2,FAIL,1.0149222019367685
3,PASS,1.4384120216943856
4,FAIL,0.7286465509829455
