input,result,time
1,FAIL,1.193723338672228
2,FAIL,1.279153924524914
3,PASS,0.9905490547939327
4,FAIL,1.1096864651471212
