test_case,result_difference,time_difference
1,1.1652473483731378,0.0158930640762391
2,0.11966286109080082,-0.011151417099946055
3,-1.8126765645501317,-0.027604612146815213
4,1.232723344795342,0.059846646050769205
