input,result,time
1,PASS,1.378869741777471
2,PASS,0.9922682415051587
3,PASS,1.2155611574590397
4,PASS,0.9861595603111977
