input,result,time
1,PASS,1.109177581558388
2,FAIL,0.5984780033639708
3,PASS,0.5920275856119572
4,PASS,0.5559658283494479
