input,result,time
1,FAIL,0.8884900963686846
2,PASS,1.1263804144254914
3,PASS,1.3360841316496779
4,PASS,0.5877026782640965
