input,result,time
1,FAIL,1.4514108146164075
2,FAIL,1.4103958457649348
3,PASS,1.0846628638893967
4,PASS,0.8035488506537072
