input,result,time
1,PASS,1.152124594842139
2,PASS,1.353245976158513
3,PASS,0.9753247822120824
4,FAIL,1.4692058717176852
