input,result,time
1,FAIL,1.1495342241752968
2,FAIL,1.427976166598358
3,FAIL,1.3668609136593748
4,PASS,1.3161507522663682
