input,result,time
1,PASS,1.0239944796513962
2,PASS,1.3861180151971615
3,PASS,1.3633301180367958
4,FAIL,1.2754268517940486
