input,result,time
1,PASS,0.7790679482285984
2,FAIL,0.7097499496556351
3,FAIL,0.6157032333270936
4,FAIL,1.0771402440203417
