input,result,time
1,PASS,1.3634706491935857
2,PASS,1.0665061069891628
3,FAIL,0.8679174878178734
4,FAIL,0.8423423766251579
