input,result,time
1,FAIL,0.7267052627132848
2,PASS,1.4984440444372606
3,PASS,1.3451904356476962
4,PASS,1.150537977436124
