input,result,time
1,PASS,0.6631817055141207
2,FAIL,1.196219200250619
3,PASS,0.6095696920416893
4,PASS,1.0658450954187109
