input,result,time
1,PASS,1.146022466362743
2,PASS,1.4299401516031591
3,FAIL,1.4168963856064452
4,PASS,0.8128507730488265
