input,result,time
1,FAIL,1.1566050997098816
2,PASS,0.873840569259212
3,PASS,1.2850663791171617
4,PASS,0.915394957509527
