input,result,time
1,PASS,1.0371701279487073
2,FAIL,0.7001898882084562
3,PASS,1.1736532695846353
4,FAIL,1.14422317792982
