test_case,result_difference,time_difference
1,-2.3032437968359045,-0.08764271507098734
2,0.2831806977126787,-0.015479873759003351
3,0.9175073197140561,0.12061748400947432
4,-0.5911302359765326,-0.044582655968501306
