input,result,time
1,PASS,0.6387270247429407
2,FAIL,0.6037603479185489
3,FAIL,0.8196150455250606
4,FAIL,0.8556855588625841
