input,result,time
1,FAIL,0.5568772591453555
2,PASS,1.4804856634690067
3,FAIL,0.5964508606973842
4,FAIL,1.3634706491935857
