input,result,time
1,FAIL,1.1143462999796307
2,FAIL,0.7214901788029577
3,PASS,0.5442519713152696
4,PASS,0.9312578468418982
