input,result,time
1,PASS,1.13084292857577
2,FAIL,1.3789069965575749
3,PASS,1.099413839757645
4,PASS,1.194127872856325
