input,result,time
1,PASS,1.3894479088158667
2,PASS,0.7201038607809064
3,PASS,1.1228940321857523
4,FAIL,0.6114960572987156
