input,result,time
1,PASS,1.2354837980254478
2,PASS,0.6235937534812156
3,FAIL,1.0760767658404542
4,FAIL,0.7842327288404888
