input,result,time
1,FAIL,0.969384355145153
2,PASS,1.2594502514576429
3,FAIL,0.6782009549392681
4,PASS,0.6711720481551585
