input,result,time
1,FAIL,1.3130538632474607
2,FAIL,1.47622566345382
3,FAIL,1.3897936564455402
4,PASS,1.2645619743577086
