input,result,time
1,PASS,0.6440585410908423
2,PASS,1.399651703327669
3,PASS,0.6164632541619162
4,PASS,0.6631817055141207
