input,result,time
1,FAIL,0.7959498335889278
2,PASS,1.4292916715697834
3,PASS,0.765905627336791
4,FAIL,1.328146613216695
