input,result,time
1,PASS,0.6263564593754141
2,PASS,1.2736027744097593
3,FAIL,0.8461174698083607
4,PASS,0.7156215087013893
