input,result,time
1,FAIL,1.0591737821017022
2,FAIL,1.4222985036674478
3,PASS,0.9923614066908841
4,FAIL,1.3738321783347183
