input,result,time
1,PASS,0.607210745428546
2,FAIL,1.3173391114616213
3,PASS,0.9731429784656442
4,PASS,1.3822836719191074
