input,result,time
1,PASS,1.3181010500240289
2,PASS,0.840604643884352
3,PASS,0.652047025044422
4,PASS,1.284058614467154
