input,result,time
1,FAIL,1.0607048144018951
2,FAIL,1.1294396973674052
3,FAIL,1.0164821615867807
4,PASS,1.321486454244552
