input,result,time,matrix_size
1,PASS,0.6064294068125784,290
2,FAIL,0.8164879187132021,179
3,FAIL,0.7465347942124507,842
4,PASS,1.0627831242980728,306
