input,result,time,matrix_size
1,FAIL,0.5863769803706412,447
2,FAIL,1.1600398622229489,207
3,FAIL,0.7065946070752694,619
4,PASS,1.3472753225073781,249
