input,result,time,matrix_size
1,FAIL,1.0156383466512517,136
2,PASS,1.3890599531897285,386
3,FAIL,1.2372785797141679,726
4,PASS,0.5051529642690232,247
