input,result,time
1,PASS,1.017379107154114
2,FAIL,0.6320681063451533
3,PASS,1.2168596811925938
4,FAIL,0.8960597028072937
