input,result,time
1,PASS,1.4262658801405839
2,FAIL,1.1617635946044105
3,FAIL,0.5804671839791388
4,FAIL,1.0421869540924682
