input,result,time
1,PASS,0.9054187844855552
2,FAIL,0.5325452191932284
3,FAIL,1.2288490450131602
4,PASS,1.4410854068644676
