test_case,result_difference,time_difference
1,-0.3523119017137529,-0.07684771364832851
2,-0.22938336679851265,-0.12067424320707949
3,-0.3919819510267386,-0.04692958932619818
4,-0.4163150833967808,0.031260286324706205
