test_case,result_difference,time_difference
1,0.40555168321274276,-0.04259711296319206
2,-1.1141165820741556,-0.05889516340515584
3,1.2682595617373742,0.10035062293985678
4,-1.9684458482719875,0.16913602728882624
