input,result,time
1,FAIL,0.9439731922835728
2,PASS,0.5378340290636305
3,FAIL,1.365308356610044
4,PASS,1.2054176736646298
