input,result,time
1,FAIL,0.734382952504573
2,PASS,1.0927595785429434
3,FAIL,1.2932593060544022
4,PASS,0.8276243490519758
