input,result,time
1,FAIL,0.5568480764332403
2,FAIL,1.1969972417249872
3,PASS,1.2786953959411034
4,FAIL,1.277407561848753
