input,result,time,image_size
1,PASS,0.8328309863824814,2313
2,PASS,1.4322492029932765,3979
3,FAIL,1.2886609607677921,3453
4,FAIL,1.4877583893150483,2659
