input,result,time,image_size
1,PASS,1.0354682568031173,885
2,PASS,0.9378142516245893,3744
3,PASS,1.4749898122765448,2986
4,PASS,0.8008239257548369,1919
