input,result,time,image_size
1,PASS,1.4167270193301817,1134
2,PASS,0.6138166403898612,2112
3,PASS,1.1311255415710575,3916
4,PASS,0.6328149987686938,3145
