input,result,time
1,PASS,1.492011243414474
2,FAIL,0.7494200410564512
3,FAIL,0.6059061548822322
4,FAIL,1.450952611055394
