input,result,time
1,FAIL,0.5219736354929218
2,FAIL,0.874752704907415
3,PASS,1.161607288346009
4,PASS,1.1253582002401852
