input,result,time
1,PASS,0.8321695810934603
2,FAIL,0.5642059497654278
3,PASS,0.7515846063816519
4,PASS,0.6023472662511529
