input,result,time
1,PASS,0.6621202607088332
2,PASS,1.059682405823448
3,FAIL,1.2734555444490305
4,FAIL,0.9564095653390666
