test_case,result_difference,time_difference
1,0.7199995672940086,-0.07562291719049269
2,1.311432145075441,-0.026301371564369947
3,-0.6616107316507995,0.16696726066756026
4,-0.17961897552191333,0.16147526355580932
