input,result,time
1,PASS,0.5466543712604591
2,PASS,1.1335875142956104
3,FAIL,0.7231414449657265
4,FAIL,0.9312343610519999
