input,result,time
1,FAIL,0.6002517440758486
2,FAIL,1.258984554752342
3,FAIL,0.5170604862590975
4,PASS,1.4670549180772197
