input,result,time
1,PASS,1.1726271392574619
2,FAIL,1.3284804905178516
3,FAIL,1.3526890057422694
4,FAIL,0.5327759012933634
