test_case,result_difference,time_difference
1,0.5214036001518318,-0.030400413130040382
2,-0.23755224777393716,0.03133291235047414
3,-0.21117560491696813,0.1611492124890766
4,-1.8831091049791273,-0.07249821400943605
