test_case,result_difference,time_difference
1,1.9088793667937685,-0.02011432366996893
2,0.13061009885432576,-0.18044264259724915
3,-1.5345556773292723,-0.19156907789730224
4,-0.6825962688828551,0.11539469670249913
