input,result,time
1,FAIL,0.6861301663330024
2,FAIL,0.5092479942236994
3,FAIL,1.427753079323704
4,FAIL,1.0371404190832405
