input,result,time
1,PASS,0.7653033245370474
2,FAIL,0.6272940254200747
3,FAIL,1.025808953076723
4,PASS,0.6418172757014775
