input,result,time
1,FAIL,0.8012891876427228
2,PASS,1.1188670389389908
3,PASS,0.7435802711085701
4,PASS,0.6776322900756088
