input,result,time
1,PASS,1.067820654663969
2,PASS,0.6395051937868297
3,PASS,1.304894026870866
4,FAIL,1.4585859103625782
