input,result,time
1,FAIL,1.2284417271340857
2,PASS,1.3469892905868055
3,FAIL,1.008838096633269
4,PASS,1.033289888653026
