input,result,time
1,PASS,1.1671688207038236
2,FAIL,1.4642004194547815
3,PASS,1.0314942783313077
4,FAIL,1.3020685238956138
