input,result,time
1,PASS,0.8611134366437103
2,FAIL,0.6008045168946206
3,FAIL,0.8598097672410472
4,PASS,1.3878650314643886
