input,result,time
1,PASS,1.3224067383556903
2,FAIL,1.153421161113637
3,PASS,1.2263424644178351
4,FAIL,1.0369230010823904
