input,result,time
1,FAIL,0.712434361294041
2,FAIL,0.6830332920799211
3,PASS,0.9030260024042887
4,FAIL,1.245232960032129
