input,result,time
1,PASS,1.4115463022293833
2,PASS,0.8688491939140621
3,FAIL,0.9740025854219123
4,FAIL,0.9284821544892344
