input,result,time
1,PASS,0.9623078664477247
2,PASS,0.5795178443380824
3,PASS,1.3043686936517274
4,PASS,0.53525465093239
