input,result,time
1,PASS,1.4231590211737402
2,FAIL,0.6050946942489992
3,PASS,1.4825738886809128
4,FAIL,1.3754513240932962
