input,result,time
1,PASS,1.4966816485138206
2,FAIL,0.794681297476141
3,PASS,1.2049491679089988
4,PASS,1.259427217595507
