input,result,time
1,PASS,0.7817301057539491
2,FAIL,1.0864101661863268
3,PASS,0.5639552661209811
4,FAIL,0.9856275959346229
