input,result,time
1,FAIL,1.4494945122413294
2,FAIL,1.1697068243467608
3,PASS,0.5671156571462744
4,FAIL,1.03527378682657
