input,result,time
1,PASS,0.6553711868354927
2,FAIL,0.8771609796520614
3,FAIL,1.0120174325298446
4,PASS,1.1069891721731906
