input,result,time
1,FAIL,0.5124163870177091
2,FAIL,1.167884000683034
3,FAIL,1.2978741064806805
4,FAIL,1.2627442709718792
