input,result,time
1,PASS,0.7715510954247814
2,FAIL,1.1075453597907943
3,FAIL,1.0265840288204693
4,FAIL,1.0379457791519024
