input,result,time
1,PASS,1.0422419402296903
2,FAIL,0.9747737178366688
3,PASS,0.5457283043324073
4,PASS,1.150677420127789
