input,result,time
1,PASS,1.4998085781169652
2,PASS,0.6972594743007376
3,PASS,1.0349081983832014
4,FAIL,0.7902480425599284
