input,result,time
1,FAIL,1.3433858654270912
2,PASS,1.185782272860585
3,PASS,0.8583943972217343
4,FAIL,1.4333657948696237
