input,result,time
1,FAIL,1.2399374807828707
2,FAIL,1.2046646536082917
3,PASS,1.4682117713312417
4,PASS,0.7953073223358139
