input,result,time
1,PASS,0.762799956324489
2,PASS,1.0220624206822644
3,PASS,0.5351600597161942
4,PASS,1.406231419787284
