input,result,time
1,FAIL,1.256106693865041
2,FAIL,0.8960982754233623
3,PASS,1.3960383875090772
4,PASS,1.138921076231313
