input,result,time
1,FAIL,0.852311661200533
2,PASS,0.9692491739902421
3,FAIL,1.3411401297855994
4,PASS,1.4046477442095133
