input,result,time
1,PASS,1.2784615885820756
2,PASS,1.1304043358471345
3,FAIL,1.4054079247689018
4,PASS,0.6550283059371361
