input,result,time
1,FAIL,0.9343822512213901
2,PASS,1.075396611660893
3,FAIL,0.9671085575482106
4,FAIL,1.2530423900690328
