input,result,time
1,FAIL,0.6018546152482165
2,PASS,0.6341736380782876
3,PASS,0.816541120958134
4,FAIL,0.7987503108519409
