input,result,time
1,PASS,1.0151919865755745
2,PASS,1.2954882814287498
3,FAIL,1.0431221233334675
4,PASS,0.7588071569794007
