input,result,time
1,FAIL,0.7894764594513054
2,PASS,1.0272409936053752
3,PASS,1.0358377457207226
4,PASS,1.2910370542103509
