input,result,time
1,PASS,0.7953073223358139
2,FAIL,1.2053067727792621
3,PASS,0.8656763331259183
4,FAIL,0.8954107209186417
