input,result,time
1,FAIL,1.02437981107722
2,PASS,0.6173802941705572
3,PASS,0.6598452868541913
4,FAIL,0.5468063547121887
