input,result,time
1,PASS,1.455465933305781
2,FAIL,1.0983159693646871
3,FAIL,0.6189169421460136
4,FAIL,0.9175392009968566
