input,result,time
1,FAIL,0.8577578840803387
2,PASS,0.6636842611516485
3,PASS,0.9413741433324861
4,FAIL,0.762799956324489
