input,result,time
1,FAIL,1.1009327870197563
2,FAIL,0.8159901560404444
3,FAIL,1.2687358689747712
4,PASS,0.5906707682466413
