input,result,time
1,FAIL,1.376681892223048
2,PASS,0.8242728755420111
3,PASS,1.4246228121426285
4,PASS,1.47478726073471
