input,result,time
1,PASS,0.8799269559001205
2,PASS,0.681150961736903
3,PASS,1.2885455123065186
4,PASS,0.5568480764332403
