test_case,result_difference,time_difference
1,-0.10483547888498476,0.01431081613370444
2,0.9963148181947659,0.11649593639777611
3,-1.5600408216270525,-0.09438714063546873
4,-1.2048826279300473,0.06098970606728728
