input,result,time
1,FAIL,0.5939013053133221
2,FAIL,0.560457768000459
3,PASS,0.8787830041687312
4,PASS,1.079547096551039
