input,result,time
1,PASS,1.4560836347232238
2,FAIL,1.1439901992296373
3,PASS,0.9238550485581797
4,FAIL,1.1063932141279245
