input,result,time
1,FAIL,1.3751996098363184
2,PASS,0.5276531565053425
3,PASS,1.1603385959782224
4,PASS,0.9144388731896942
