input,result,time
1,FAIL,1.0413807937571358
2,FAIL,1.4233060678891631
3,PASS,1.3298973686033433
4,PASS,1.4682864102942972
