input,result,time
1,FAIL,1.2692471190327554
2,PASS,1.0369988910428294
3,PASS,1.478856981023056
4,PASS,0.8961845599953205
