input,result,time
1,PASS,0.6202773449794696
2,PASS,1.2549011041375682
3,PASS,1.3850218512118062
4,PASS,0.6002517440758486
