input,result,time
1,PASS,0.8514687077474851
2,FAIL,1.011806560066037
3,PASS,0.508187288629736
4,PASS,0.6748365632441091
