input,result,time
1,FAIL,0.7218240305099961
2,FAIL,0.9939452556622013
3,FAIL,1.4296187394467545
4,PASS,1.167214706786675
