input,result,time
1,PASS,0.6274988817699885
2,FAIL,1.340640908200478
3,FAIL,0.559757917960394
4,FAIL,0.8502712073448542
