input,result,time
1,PASS,1.216023920883577
2,FAIL,1.3621662670420274
3,FAIL,1.0080443388649867
4,FAIL,0.9610940003033573
