input,result,time
1,FAIL,1.2293470099299624
2,PASS,1.0772733363608489
3,FAIL,0.8667081396093276
4,FAIL,0.5425250875259087
