test_case,result_difference,time_difference
1,-0.5458125110439274,-0.016722947368481275
2,1.517721539838456,0.13335316039332887
3,2.009567900153627,0.09913782786465868
4,1.0346480003850633,-0.0034526069002116405
