test_case,result_difference,time_difference
1,1.5297978957928007,-0.0018949038836497878
2,0.7176440637587029,0.09589457727094555
3,0.58919054071348,0.058532905613961954
4,0.40333157893256333,-0.07542938346292924
