input,result,time
1,PASS,1.0756820353413816
2,FAIL,0.9031150715680437
3,FAIL,1.4578735945980021
4,PASS,0.7704762510568471
