input,result,time
1,FAIL,1.4478218871115895
2,FAIL,1.2285587299494867
3,PASS,0.8296511575814126
4,PASS,1.2917614211803707
