test_case,result_difference,time_difference
1,-0.03404965145362512,-0.02333868896708363
2,-0.7293584136839767,0.021728224189648423
3,-0.09414659574442405,0.012774747413615431
4,0.4450614945798212,0.09954858611965212
