input,result,time
1,PASS,0.5244432947899913
2,PASS,0.6603440030022494
3,FAIL,0.6027711954512666
4,PASS,0.8649864886949009
