input,result,time
1,PASS,0.5641474963487844
2,PASS,1.1924721193700198
3,FAIL,1.0666014542065752
4,PASS,0.7653894909394454
