input,result,time
1,PASS,0.6691086296053298
2,FAIL,1.4689090263608413
3,PASS,1.4940563093768595
4,PASS,0.8603027106984502
