input,result,time
1,PASS,1.1775083559940103
2,FAIL,1.4378643744440391
3,PASS,1.1211403254603831
4,PASS,0.5978101614790527
