input,result,time
1,PASS,0.5000736994331061
2,PASS,0.7542400891795997
3,FAIL,1.24910060664972
4,PASS,1.0323360708973222
