input,result,time
1,PASS,1.315343380174717
2,FAIL,1.319972478644273
3,PASS,1.2294485734011262
4,PASS,0.9021163309566609
