input,result,time
1,FAIL,0.817983179393976
2,FAIL,0.91426299451467
3,PASS,0.5641474963487844
4,FAIL,1.1924721193700198
