input,result,time
1,FAIL,0.7742957038427515
2,FAIL,1.2018404829444163
3,PASS,0.5301927732687116
4,FAIL,1.3733194279019036
