input,result,time
1,FAIL,1.3863653280941994
2,FAIL,1.1679425961129914
3,PASS,0.9224437872706094
4,PASS,0.7655077221340201
