input,result,time
1,FAIL,1.058730990806489
2,PASS,0.8306170713112795
3,PASS,1.3452379960035108
4,FAIL,0.9554363894644047
