test_case,result_difference,time_difference
1,-0.9969960640205433,0.17988351004236794
2,-0.30613926981102,0.03248931663058136
3,1.3519156605792662,0.1148207163255159
4,-2.000049550970298,0.055597906936498055
