test_case,result_difference,time_difference
1,-1.2297635752468095,-0.0025673032157862816
2,-0.3580340263904716,-0.11899655378491852
3,-0.2697393981340688,-0.03853791544236256
4,1.1579461909251922,0.01283569146224297
