input,result,time
1,FAIL,1.4014953018499317
2,FAIL,0.689530430090761
3,PASS,1.43054657416206
4,PASS,1.0932866446040554
