input,result,time
1,PASS,0.5618447832232931
2,FAIL,0.9496944303093088
3,FAIL,0.7846940663904305
4,FAIL,0.6548694156544791
