input,result,time
1,FAIL,0.536691417869413
2,PASS,0.6474001025132207
3,FAIL,1.2562872315011158
4,PASS,0.5837913529100845
