input,result,time
1,FAIL,1.0189899203864319
2,PASS,0.5660742638516719
3,FAIL,0.972413789171073
4,PASS,0.9382559469717036
