input,result,time
1,PASS,0.6773672769454306
2,PASS,0.9078617050819975
3,PASS,1.3175124932847782
4,FAIL,0.7745890409736036
