input,result,time,image_size
1,PASS,0.7870515199196297,3601
2,PASS,1.206574706272979,1221
3,FAIL,0.914856869333564,959
4,FAIL,0.8605455604858923,862
