input,result,time,image_size
1,PASS,1.3620625958512074,2930
2,FAIL,0.5972579947876406,1801
3,PASS,0.9977769078253418,3716
4,PASS,1.081081929672063,3505
