input,result,time,image_size
1,FAIL,1.0844760689557689,3884
2,PASS,1.461936378547229,2317
3,PASS,0.7921475267925489,3449
4,FAIL,0.7408287799154468,2374
