input,result,time
1,PASS,1.2210434084324895
2,FAIL,0.79797026415693
3,PASS,1.2092337639507906
4,PASS,1.231930277681536
