input,result,time
1,FAIL,1.4588674515323004
2,PASS,1.246080322432014
3,FAIL,1.2205378642933513
4,PASS,0.5369041886346984
