input,result,time
1,FAIL,1.2547838931965645
2,FAIL,1.0358829812761117
3,PASS,1.1676338014584673
4,PASS,1.3204621608393736
