input,result,time
1,PASS,1.112726769880025
2,FAIL,0.6131233705088387
3,PASS,1.2545466596735388
4,FAIL,0.5445494296544345
