test_case,result_difference,time_difference
1,0.36222827590487455,-0.029984782053677675
2,-0.6797324440229916,-0.14130884359317428
3,-0.3126132841184912,-0.05218571735318528
4,-0.41849184906789516,-0.08915839061938706
