input,result,time
1,FAIL,0.7626108832218125
2,PASS,1.3408337114574096
3,PASS,0.5984528449705927
4,PASS,0.7551578077826194
