input,result,time
1,PASS,1.4234555382041068
2,FAIL,0.7991536445438161
3,PASS,0.8884041171691053
4,PASS,0.9862720863293148
