input,result,time
1,FAIL,1.0388770043211097
2,FAIL,0.6145881696756057
3,FAIL,1.0402228047861908
4,FAIL,1.1319041463564266
