test_case,result_difference,time_difference
1,0.322523148124584,-0.0015819381021522497
2,0.347877580826978,0.07660823906460301
3,-0.36126124817107785,-0.025384065624674157
4,-0.8966980492275313,-0.022469655254726575
