input,result,time
1,FAIL,0.7672070318623186
2,PASS,1.3773987891741197
3,FAIL,0.8719187485124613
4,FAIL,0.5013833499989991
