input,result,time
1,PASS,0.7536425242568228
2,FAIL,0.9461355126592019
3,PASS,0.6046278887424741
4,FAIL,0.8484759890334971
