input,result,time
1,FAIL,1.4090927570285632
2,PASS,0.6873609014263228
3,FAIL,1.1977284017849592
4,FAIL,1.4703753278372167
