input,result,time
1,FAIL,0.9094213308126681
2,FAIL,1.045016066477277
3,FAIL,1.0038632886736805
4,PASS,1.1359679703312295
