input,result,time
1,PASS,1.025808953076723
2,PASS,0.6418172757014775
3,PASS,0.8167306665534563
4,FAIL,1.126706475959105
