input,result,time
1,FAIL,0.7393275818019288
2,FAIL,0.913212464691486
3,FAIL,0.5287938130968621
4,FAIL,1.0468764191474527
