input,result,time
1,FAIL,0.8453516806969027
2,PASS,1.4280812934655909
3,FAIL,1.2044144019235328
4,PASS,0.5318389295313078
