input,result,time
1,FAIL,0.6520525646087936
2,PASS,1.3608297941571559
3,FAIL,0.7657085398731183
4,PASS,0.7916948931225
