input,result,time
1,FAIL,1.3526890057422694
2,PASS,0.5327759012933634
3,FAIL,0.7441570338368794
4,FAIL,0.839094588477403
