input,result,time
1,FAIL,0.8423423766251579
2,FAIL,1.2573641432377087
3,PASS,0.8145732950042872
4,FAIL,1.1573189166171418
