input,result,time,matrix_size
1,PASS,1.406418087060171,407
2,PASS,0.6372204200971946,236
3,PASS,0.7292193230865794,959
4,FAIL,1.3815853992105809,193
