input,result,time,matrix_size
1,FAIL,1.0370225213757798,794
2,PASS,0.9479261718707299,521
3,PASS,0.5995690891108111,737
4,FAIL,0.852311661200533,768
