input,result,time,matrix_size
1,PASS,0.7653894909394454,878
2,PASS,1.0232480534666997,186
3,FAIL,0.5939405107584417,143
4,PASS,1.0759464955561793,972
