input,result,time
1,FAIL,0.9261294201663096
2,PASS,1.4242743346141207
3,FAIL,0.9625927742098869
4,FAIL,1.3176227191769203
