input,result,time
1,FAIL,0.6039880775434204
2,FAIL,1.4078984575106281
3,FAIL,1.2090508098155446
4,FAIL,1.1152764266350972
