input,result,time
1,FAIL,0.9325966430678647
2,PASS,1.1598040293907719
3,PASS,0.5944872791423841
4,PASS,0.8062690951677486
