input,result,time
1,PASS,0.9884471325519364
2,FAIL,0.8395026679885198
3,PASS,0.6074245186992262
4,PASS,0.9021206286761838
