input,result,time
1,FAIL,0.5683363774388476
2,PASS,1.0008281900016218
3,FAIL,0.7864863483152423
4,PASS,0.7851749281325723
