input,result,time
1,PASS,0.5372461165692003
2,PASS,1.1478051609017934
3,FAIL,0.5980495896940958
4,FAIL,0.5232621128334547
