input,result,time
1,PASS,1.3839265189721008
2,PASS,0.894073361967732
3,PASS,1.468503295489905
4,FAIL,1.2962454408314852
