input,result,time
1,PASS,1.3002556035835235
2,FAIL,1.4555683939804207
3,FAIL,0.8165502100270866
4,PASS,1.3268052703690758
