input,result,time,image_size
1,PASS,1.197631195927265,942
2,FAIL,0.5602254716292698,3666
3,PASS,1.1667667154456676,603
4,FAIL,1.1706378696181594,2432
