input,result,time,image_size
1,PASS,0.6831913620071168,606
2,PASS,1.086512934810083,3810
3,PASS,0.5201075461874936,2411
4,PASS,1.328940029217363,3853
