input,result,time,image_size
1,FAIL,1.337944907498804,1485
2,PASS,0.5960984078939631,880
3,PASS,1.4764594650133958,2535
4,FAIL,0.9686512016477016,3477
