input,result,time
1,FAIL,1.481285418065719
2,FAIL,1.3195996867656037
3,PASS,0.7607339289320841
4,PASS,0.8673297362750145
