input,result,time
1,FAIL,1.1308318084098037
2,FAIL,1.4979940009356585
3,FAIL,1.487889169333526
4,FAIL,1.1033229922907446
