input,result,time
1,FAIL,0.656383348867963
2,PASS,0.8041986915994078
3,PASS,0.5753590690833403
4,FAIL,0.9246630028405929
