input,result,time
1,PASS,0.5780748541783043
2,PASS,0.8232152011947302
3,FAIL,1.413392158457157
4,PASS,0.7010054816809057
