input,result,time
1,PASS,1.2967537598041239
2,PASS,1.1173737056966848
3,FAIL,1.3126261418839864
4,PASS,0.7214091133706874
