input,result,time
1,FAIL,1.0645971096407214
2,FAIL,0.5909693392955635
3,PASS,1.4809794008003951
4,FAIL,0.7458493019128337
