input,result,time
1,PASS,0.6478013340653904
2,PASS,0.7569166436866691
3,FAIL,1.3735568272907714
4,FAIL,0.9918922317083445
