input,result,time
1,PASS,1.4550641453735598
2,FAIL,1.0189256786371652
3,FAIL,1.3700997902944219
4,PASS,1.1081715856767795
