input,result,time
1,FAIL,1.0894141401834623
2,PASS,1.3037993268238086
3,PASS,0.733644741477431
4,PASS,0.891970233136738
