input,result,time
1,PASS,0.5306610483257179
2,PASS,0.7244136119208402
3,PASS,1.453675696427313
4,FAIL,1.0823197330520553
