input,result,time
1,FAIL,0.7212181277315923
2,PASS,1.1837264472760463
3,FAIL,0.6024462817719304
4,PASS,0.8970258322826741
