input,result,time
1,FAIL,0.8953614253786486
2,PASS,1.3777618998196428
3,PASS,1.2562321563110062
4,PASS,1.3585719031231291
