input,result,time
1,FAIL,0.8672127566059694
2,PASS,1.2811891052536164
3,FAIL,1.3698395299288393
4,PASS,0.6845336990645782
