input,result,time
1,FAIL,0.8135906117427012
2,PASS,0.8655390281180764
3,FAIL,0.7012667657608654
4,PASS,0.9871481269173746
