input,result,time
1,PASS,0.7400202733797095
2,FAIL,0.6605388224852564
3,PASS,1.2963914745173317
4,FAIL,1.4591666030352224
