input,result,time
1,PASS,1.2105284027223457
2,PASS,0.7049236869597018
3,PASS,0.8416981148647321
4,FAIL,1.1762424822774629
