input,result,time
1,PASS,0.5426159330596808
2,FAIL,1.0492372591326649
3,PASS,1.1431987762169744
4,FAIL,1.07042341059026
