input,result,time
1,FAIL,0.832248916442747
2,FAIL,1.4895250829450273
3,FAIL,1.144415564237013
4,FAIL,0.8659980264711808
