input,result,time
1,PASS,1.1380919136819085
2,FAIL,0.5624091046792582
3,PASS,1.4417294130750535
4,FAIL,0.7399083730744779
