input,result,time
1,PASS,1.0930331393287638
2,FAIL,1.246497815875704
3,PASS,0.9142210500958915
4,PASS,0.8602481588123011
