input,result,time
1,FAIL,0.9517267102533677
2,PASS,1.2987100587162235
3,PASS,1.1234800061046875
4,PASS,0.7782734365711526
