input,result,time
1,PASS,1.272565426141367
2,FAIL,0.6749603928385804
3,FAIL,0.7051503980032671
4,FAIL,0.5535997274730649
