input,result,time
1,PASS,0.5263893317133511
2,PASS,1.452109791397402
3,FAIL,1.3776183773849766
4,FAIL,1.1238679005772774
