input,result,time
1,FAIL,0.7452779420504144
2,FAIL,0.7010960178884253
3,FAIL,0.574895165845707
4,FAIL,0.8632139786175576
