input,result,time
1,PASS,0.8381589518368456
2,FAIL,1.4615701545414985
3,FAIL,0.7317016264712045
4,PASS,1.4493188224156814
