input,result,time,image_size
1,PASS,0.8251179092154215,3783
2,FAIL,1.0834041877813243,751
3,FAIL,1.4364681001409743,3254
4,PASS,1.4407816592466114,1120
