input,result,time,image_size
1,PASS,0.7400202733797095,2054
2,FAIL,0.6605388224852564,3829
3,PASS,1.2963914745173317,1950
4,FAIL,1.4591666030352224,2063
