input,result,time,image_size
1,PASS,0.8952332435363368,711
2,FAIL,0.810839977143316,1636
3,PASS,1.2186263903411518,3149
4,PASS,0.8359775423402552,3762
