test_case,result_difference,time_difference
1,-0.25055494720757415,-0.14171864936204745
2,-0.07443426956095578,0.020010737580508215
3,-0.8664466926455767,0.01655722269077085
4,-2.5086004937021644,0.015116745100422636
