input,result,time
1,FAIL,1.132075516992295
2,PASS,0.8353075782303081
3,FAIL,1.1553038868999677
4,PASS,0.8194589097890269
