input,result,time
1,FAIL,0.5078841035084404
2,PASS,0.8726790698209955
3,PASS,1.0305372145627818
4,PASS,1.422111461767193
