input,result,time
1,FAIL,1.295252812224187
2,FAIL,0.8897864227871187
3,FAIL,1.0842914960054943
4,FAIL,0.8042006758468692
