input,result,time
1,PASS,1.4853785645671058
2,FAIL,1.387283151235186
3,PASS,1.26506994915814
4,PASS,0.8135906117427012
