input,result,time
1,FAIL,1.0433167281478244
2,FAIL,1.1001664731848124
3,FAIL,1.394241922530437
4,FAIL,0.8206888150864875
