input,result,time
1,FAIL,0.9175392009968566
2,FAIL,1.2815817276816075
3,FAIL,1.1937470232392138
4,FAIL,1.4163403298365742
