input,result,time
1,FAIL,1.3527361578939425
2,FAIL,0.8502019519565764
3,FAIL,0.7679886825044201
4,FAIL,0.5618891688428957
