input,result,time
1,PASS,0.8226629649849716
2,PASS,1.1913108812107946
3,FAIL,0.9956999226830051
4,FAIL,1.3811676940681723
