input,result,time
1,FAIL,1.0838691271889864
2,PASS,1.1836506660417259
3,FAIL,0.8061976999600994
4,PASS,1.2524807229468415
