test_case,result_difference,time_difference
1,-1.0464317819030948,0.022746119655530004
2,-0.08953977886888259,0.1614558468577133
3,0.5978999975674372,0.03519083751748502
4,0.4649689694505059,0.22012111612967927
