input,result,time
1,PASS,0.9553996993127578
2,PASS,0.9668622676993655
3,PASS,0.711637511220968
4,FAIL,1.4538610280992987
