input,result,time
1,FAIL,0.8449789610555553
2,PASS,0.593622053975074
3,FAIL,0.9270048998360969
4,FAIL,1.2332923001286245
