input,result,time
1,PASS,1.295590368543213
2,FAIL,0.8445304607543123
3,PASS,1.270872756568648
4,PASS,1.2358938968077329
