input,result,time
1,PASS,0.5092219429989732
2,FAIL,1.4148548708144086
3,PASS,1.331652519627716
4,PASS,0.7499308546103872
