input,result,time
1,FAIL,0.6002268873123011
2,FAIL,1.4194826137446737
3,FAIL,1.2142412995491114
4,FAIL,1.4988470065678665
