input,result,time,matrix_size
1,PASS,0.5446123012541141,951
2,PASS,1.2997958845706181,382
3,PASS,0.5769564469866327,818
4,FAIL,1.018835148831526,132
