input,result,time,matrix_size
1,FAIL,1.0124516587590873,465
2,PASS,1.01062890693618,205
3,FAIL,0.8868271535673325,806
4,PASS,1.0300889359592231,325
