input,result,time,matrix_size
1,FAIL,0.9344166255581208,533
2,FAIL,0.8117958819941026,909
3,FAIL,1.1963434888154594,193
4,PASS,0.8777518392924809,274
