input,result,time
1,PASS,1.007635469717754
2,PASS,0.6639099001097654
3,FAIL,0.865892145356934
4,FAIL,1.2433402256486645
