input,result,time
1,FAIL,1.3602235868507044
2,FAIL,0.7626871208991739
3,PASS,0.9425267783920886
4,PASS,0.8178896678079447
