input,result,time
1,FAIL,1.3975087092539016
2,FAIL,0.9403551122190561
3,FAIL,1.1426096986453005
4,FAIL,0.8814602801848396
