input,result,time
1,FAIL,0.7063730118576239
2,FAIL,0.6609097957930892
3,FAIL,1.4044850262008999
4,PASS,0.7870202213409844
