input,result,time
1,PASS,0.9329842062811807
2,FAIL,1.0282340891785358
3,PASS,0.8494402920485349
4,PASS,1.2814796002346613
