input,result,time
1,FAIL,0.8121210152816999
2,PASS,0.7579587781979187
3,PASS,1.2568327604735128
4,PASS,1.2331093038467982
