input,result,time
1,PASS,0.5424544887255225
2,PASS,1.014480341089548
3,FAIL,1.0468681788063412
4,FAIL,0.8401007461241111
