input,result,time
1,PASS,0.9835181274274587
2,PASS,0.6403160179234194
3,FAIL,0.8589952783396321
4,PASS,1.4371170419405177
