input,result,time
1,PASS,0.5967112621920216
2,FAIL,1.156938961900144
3,PASS,0.5296008287422719
4,PASS,0.9849052751990373
