input,result,time
1,FAIL,0.7678289391936058
2,FAIL,1.1928137627201796
3,PASS,0.5512284039822398
4,PASS,1.3906051765785046
