input,result,time
1,FAIL,1.4006752388088652
2,FAIL,1.2698715146690553
3,FAIL,1.3496898764211882
4,PASS,0.5329454485312324
