input,result,time
1,FAIL,0.868760847247978
2,PASS,1.4615543105027635
3,PASS,0.621538232634732
4,FAIL,0.5991634514227996
