input,result,time
1,PASS,1.4011621706491617
2,PASS,1.0546450586202596
3,PASS,1.326861603048695
4,FAIL,1.2255735341014895
