input,result,time
1,FAIL,1.3728439716508614
2,FAIL,1.1800185773273417
3,PASS,1.1293970720744815
4,PASS,1.0885279875824667
