input,result,time
1,PASS,1.4866301674443143
2,PASS,0.8621261612237402
3,PASS,0.9342986359631796
4,PASS,1.1240117485646424
