input,result,time
1,FAIL,1.2646441635425516
2,PASS,0.8689586568574414
3,PASS,0.7597213162857693
4,PASS,0.9329155184543617
