input,result,time
1,PASS,1.407629614167626
2,PASS,0.6185818466505605
3,PASS,0.991315266410199
4,FAIL,1.0068739357073258
