input,result,time
1,FAIL,0.8183422433749289
2,PASS,0.8692048050211901
3,FAIL,1.4277115334549122
4,PASS,0.7393071044042689
