input,result,time
1,PASS,1.1414250544093314
2,FAIL,0.9537550557286567
3,PASS,1.4189667085961204
4,PASS,0.9526047761580443
