input,result,time
1,PASS,0.8330720344743188
2,FAIL,0.599732947234754
3,FAIL,0.9755891170848437
4,FAIL,1.3200224358697517
