input,result,time
1,PASS,0.6858976028554975
2,PASS,1.1915081078315353
3,FAIL,0.6089037388413262
4,PASS,0.7646495980028003
