input,result,time
1,PASS,0.9144388731896942
2,FAIL,1.2912815522324936
3,FAIL,1.221198112930903
4,PASS,0.980107807145184
