input,result,time
1,PASS,1.0839592525273365
2,PASS,0.5077400430752105
3,FAIL,0.7809025422158954
4,PASS,1.4441764108315418
