test_case,result_difference,time_difference
1,0.10394817357648484,-0.1589171442159405
2,-1.5950320613997997,-0.10830245431911863
3,-0.3501820766628314,-0.006897037265501402
4,0.04690297008547626,-0.18231291167854724
