input,result,time
1,PASS,1.351198471715004
2,PASS,1.2710773468151881
3,PASS,0.7814537272943938
4,PASS,0.8772689326657602
