input,result,time
1,FAIL,1.4827432825282347
2,FAIL,0.6250837667495261
3,PASS,1.0692662410397937
4,PASS,0.7913812036536062
