input,result,time
1,FAIL,1.2420093040571263
2,PASS,1.3971458717819454
3,PASS,0.8800345760236875
4,PASS,1.1016334957831466
