input,result,time
1,PASS,1.3048784485542388
2,PASS,1.4983548770992696
3,FAIL,1.3473076883337347
4,PASS,0.9144565348056797
