input,result,time
1,FAIL,0.9254951976404466
2,FAIL,1.0872475696234853
3,PASS,0.6468561385760944
4,FAIL,1.097359689294942
