input,result,time
1,FAIL,0.698990939925484
2,FAIL,0.8674753222519272
3,FAIL,1.206871809420122
4,PASS,1.1495342241752968
