input,result,time
1,PASS,0.6915710134864673
2,PASS,1.1621742342864505
3,FAIL,1.3513234378820873
4,FAIL,0.7355672005049748
