input,result,time
1,FAIL,1.3661347063247309
2,FAIL,1.4608125288226779
3,PASS,0.5651214685488184
4,PASS,0.5445711109876641
