test_case,result_difference,time_difference
1,1.0836564179924304,0.1354605321923704
2,-0.768292626154003,0.0693873338151383
3,0.32192103788658444,0.12401523680394613
4,-0.30487195828268976,0.12124247837321092
