test_case,result_difference,time_difference
1,0.5247995724759289,0.032344168969814284
2,1.011224337930991,0.03565735529555572
3,0.07533005432288833,0.13361355730669197
4,-0.8818943515181552,-0.006060487458750984
