input,result,time
1,PASS,1.409791799491799
2,FAIL,0.9151037756314866
3,FAIL,1.3023482763125815
4,PASS,1.4745127712264259
