input,result,time
1,PASS,1.0181498137911742
2,FAIL,1.3427768626848424
3,PASS,0.8732159557447942
4,PASS,0.7228638180149802
