input,result,time
1,PASS,1.3784926238627397
2,PASS,0.934155576377692
3,PASS,1.0176121001025926
4,PASS,0.9746679880301129
