input,result,time
1,FAIL,0.8069860559626126
2,PASS,0.6197713490975562
3,PASS,0.9438786756746984
4,FAIL,0.8917743192339577
