test_case,result_difference,time_difference
1,0.09836658070387765,-0.08021719275512584
2,0.9414145746129449,0.07823679581334937
3,-0.6846831711623673,0.16639782904682632
4,0.167695647892234,0.11206925242945863
