test_case,result_difference,time_difference
1,0.5756107444269674,0.1646242246392472
2,0.5813982346390499,-0.06898142181690421
3,-0.2217301471554276,-0.08214300497213808
4,-0.11958601675016221,-0.14428779583821705
