input,result,time,matrix_size
1,PASS,0.5583563589805887,975
2,PASS,1.230709099127476,664
3,PASS,1.3817202123338397,722
4,PASS,0.7724368954659625,676
