input,result,time,matrix_size
1,PASS,1.213927194699275,477
2,FAIL,1.0615772808883654,883
3,PASS,0.899660014434043,946
4,FAIL,1.0308601305358718,519
