input,result,time,matrix_size
1,PASS,1.2851529120231378,876
2,FAIL,0.7817301057539491,839
3,PASS,1.0864101661863268,874
4,FAIL,0.5639552661209811,309
