input,result,time
1,FAIL,1.2395507950492877
2,FAIL,0.9904588086175671
3,PASS,0.7274146279733232
4,PASS,0.7543564817703929
