input,result,time
1,FAIL,0.5978101614790527
2,PASS,1.3843603632419503
3,FAIL,1.269155524988591
4,FAIL,1.211870450893322
