input,result,time
1,FAIL,1.478796537742149
2,FAIL,1.1813303587402346
3,FAIL,0.6609878613134191
4,FAIL,0.9605967486545006
