input,result,time
1,FAIL,1.1124272839894
2,FAIL,0.6158817586756662
3,FAIL,1.1040494237681695
4,FAIL,1.336807635478249
