input,result,time,image_size
1,FAIL,0.7327441292790569,1381
2,FAIL,1.1144647064768742,3963
3,PASS,0.5330745914755056,1645
4,PASS,0.5156060644468282,1865
