input,result,time,image_size
1,FAIL,0.6293557610386996,924
2,PASS,0.9714573193542654,683
3,FAIL,0.5680930992421066,1633
4,PASS,1.4438508573508195,690
