input,result,time,image_size
1,FAIL,0.9042436179392588,3836
2,FAIL,1.0241838603937583,1016
3,FAIL,0.8650998770600098,2372
4,FAIL,0.690566914940068,3701
