input,result,time
1,PASS,1.48046645884063
2,FAIL,1.088662154681474
3,PASS,0.5455107139625915
4,FAIL,0.6979827999397948
