input,result,time
1,PASS,1.2748654492251879
2,PASS,0.5302884101559068
3,FAIL,0.9069464002715893
4,PASS,0.5445096271486205
