input,result,time
1,PASS,1.3583376386342625
2,PASS,1.3028933715613342
3,FAIL,0.6591462369422428
4,FAIL,1.105711957270279
