test_case,result_difference,time_difference
1,0.7353084984463072,-0.0515447714335944
2,0.40695676521008467,0.12413944456451272
3,-0.6948603850271042,0.1283116287929526
4,-0.7936069280538398,0.10542407315649334
