input,result,time
1,PASS,0.748753143519958
2,FAIL,1.0761573344178368
3,FAIL,1.092041931271839
4,PASS,1.0722519057908735
