input,result,time
1,FAIL,1.4251691626604854
2,PASS,0.9820499915395978
3,PASS,1.2474074407970333
4,PASS,0.7933367815403494
