input,result,time
1,PASS,1.2193890620039736
2,PASS,0.8499928436301689
3,FAIL,0.7543824011176243
4,FAIL,0.7653033245370474
