input,result,time
1,FAIL,1.016906199223358
2,PASS,0.6699008441096032
3,FAIL,1.0499985108450354
4,PASS,0.7154418835236798
