input,result,time
1,FAIL,1.4830597536487007
2,PASS,1.426118209629966
3,FAIL,0.734963886128957
4,PASS,1.4776409702320878
