input,result,time
1,FAIL,1.1995750602247512
2,FAIL,1.467965566604227
3,PASS,1.4944007896476794
4,PASS,0.9518216826697596
