input,result,time
1,FAIL,0.5541333348132793
2,PASS,0.856445289043518
3,FAIL,1.3689330708914134
4,PASS,0.8885200139589483
