input,result,time
1,PASS,0.954386298099938
2,FAIL,1.4762733967391182
3,FAIL,1.4442598201028374
4,PASS,0.6397301515397661
