input,result,time
1,PASS,1.4829991349165326
2,FAIL,1.482247777288344
3,PASS,1.4926669934642662
4,FAIL,0.6186155183657659
