input,result,time
1,FAIL,0.5080720196980858
2,FAIL,0.7138709738762139
3,FAIL,1.3031130737010135
4,FAIL,0.7646697794471462
