input,result,time
1,PASS,1.2672100660540968
2,FAIL,0.7871527128863294
3,FAIL,1.048256281942088
4,PASS,1.0433526403167694
