input,result,time
1,FAIL,0.6624929346763748
2,PASS,1.1155595642838443
3,FAIL,0.6238199828494415
4,PASS,1.3480082293222344
