input,result,time
1,PASS,0.7316895686123281
2,FAIL,1.258261169130777
3,PASS,0.7765917803424628
4,FAIL,0.7006031625084167
