test_case,result_difference,time_difference
1,1.3580379133758211,-0.09286143218394241
2,0.6528519244766213,-0.2122316958732562
3,-1.5828416100927494,0.1819778528728444
4,-0.7638608056454815,0.1977189444160073
