input,result,time
1,FAIL,0.5597032366890377
2,PASS,1.4587275641426074
3,FAIL,0.6357521561054111
4,FAIL,0.8488308500750638
