input,result,time,matrix_size
1,PASS,0.6000320492894057,112
2,PASS,1.4602567843749066,716
3,PASS,0.5724344474657973,325
4,FAIL,0.519300606451071,521
