input,result,time,matrix_size
1,PASS,0.5956198825878559,849
2,PASS,1.3711025333283282,518
3,FAIL,1.1675933054893073,997
4,PASS,0.6927179767738935,756
