input,result,time,matrix_size
1,PASS,1.348943555312918,921
2,PASS,1.1178766919175238,731
3,FAIL,0.5132368577588995,954
4,PASS,0.8472335179322196,602
