input,result,time
1,FAIL,1.1166942527637178
2,PASS,1.2067532236672456
3,FAIL,0.7153884465515583
4,FAIL,1.0863659457061223
