input,result,time
1,FAIL,0.6138941048113634
2,FAIL,1.2220245309336797
3,FAIL,1.1981163757068996
4,FAIL,0.6763329074644892
