input,result,time
1,FAIL,1.0571278058016171
2,PASS,1.0876669265986314
3,PASS,1.4569656367103523
4,PASS,0.6282831064381995
