input,result,time
1,FAIL,1.201977595166197
2,PASS,0.9896849123645491
3,PASS,0.6316872818144569
4,PASS,0.8970136667776334
