input,result,time
1,PASS,1.4960712710101873
2,FAIL,0.600233437424123
3,FAIL,1.3671145415936627
4,FAIL,0.794266164129689
