input,result,time
1,FAIL,1.256765605911403
2,PASS,0.5789962477963174
3,FAIL,1.4464155089077186
4,FAIL,0.9682214942181357
