input,result,time
1,FAIL,0.5708227336514707
2,FAIL,0.936367461153943
3,PASS,1.2921492779395651
4,FAIL,0.7150116790459683
