input,result,time
1,PASS,1.276749669046776
2,PASS,1.4670055239303665
3,PASS,0.8875671734235436
4,PASS,1.186690029816861
