input,result,time
1,PASS,1.1939881399885446
2,FAIL,0.9772224807176079
3,FAIL,1.070436690211927
4,PASS,1.1108727235414362
