input,result,time
1,PASS,0.6254040137984673
2,FAIL,0.670992645968372
3,PASS,1.4189970768861908
4,PASS,0.9576321023341422
