input,result,time
1,PASS,1.0579874006096328
2,FAIL,1.48244488300071
3,PASS,0.9004485347359233
4,FAIL,1.1658713983098399
