input,result,time
1,PASS,1.3161507522663682
2,PASS,1.4114508753507624
3,FAIL,0.7763371527370494
4,FAIL,0.8695235401396495
