input,result,time
1,PASS,1.149372730629386
2,PASS,1.000692099020562
3,FAIL,0.7835577151026039
4,FAIL,0.7861476039966042
