input,result,time
1,PASS,1.3983654129027832
2,FAIL,0.9493653878465755
3,PASS,0.72745210568399
4,PASS,0.8587400672686293
