input,result,time
1,FAIL,1.375281926133928
2,PASS,0.9329961769151551
3,PASS,1.4470034020700298
4,FAIL,1.278230254832663
