input,result,time
1,FAIL,1.0592483000339072
2,PASS,1.3742827749512303
3,FAIL,1.2047321944166702
4,FAIL,1.1229683229783043
