test_case,result_difference,time_difference
1,-1.412946116901658,-0.20238310375896665
2,-1.5823222238336332,0.05625611014288037
3,0.35476098434045006,-0.07665773551071386
4,1.2765727537564713,-0.0013340858948434314
