input,result,time
1,FAIL,0.5745828378292639
2,PASS,0.6339960856240509
3,PASS,0.8158941988145947
4,FAIL,1.263281185435658
