input,result,time
1,PASS,1.4395155931013468
2,FAIL,0.905161059064209
3,FAIL,0.7005016174011431
4,FAIL,0.8438140353733791
