input,result,time
1,PASS,0.9706209039180729
2,PASS,0.6158340013008853
3,FAIL,0.9570587613313674
4,FAIL,1.4799623263423092
