input,result,time
1,FAIL,0.7421785941260854
2,PASS,0.7503982128535728
3,FAIL,0.983393535202392
4,PASS,0.539992801900717
