input,result,time
1,PASS,0.8763891551943512
2,PASS,0.8649118360212381
3,FAIL,0.7609044993810598
4,PASS,0.9959702953734696
