input,result,time
1,PASS,1.3830775973191352
2,PASS,1.466575106924164
3,FAIL,1.2747476141924987
4,FAIL,1.4942330832207622
