input,result,time
1,FAIL,0.8175036991866854
2,FAIL,1.0955850196361632
3,FAIL,0.9866060912814587
4,FAIL,1.192554626863127
