input,result,time
1,FAIL,0.6330759901841663
2,PASS,1.2734546715219126
3,PASS,0.9062724969061188
4,FAIL,1.4630938902119273
