input,result,time
1,PASS,1.0743666162868304
2,FAIL,1.3667769814681345
3,PASS,0.5486673111490558
4,FAIL,1.275821198485975
