input,result,time
1,FAIL,1.4271504376473234
2,FAIL,0.5989556512579177
3,FAIL,0.9808295043785561
4,PASS,0.673429713261673
