input,result,time
1,PASS,1.2991832081050436
2,PASS,0.6999665859079243
3,PASS,1.3390292259588708
4,FAIL,0.7479272282536652
