input,result,time
1,PASS,1.137582694530793
2,PASS,1.3130538632474607
3,FAIL,1.47622566345382
4,FAIL,1.3897936564455402
