input,result,time
1,PASS,0.6040787663656849
2,PASS,1.1144380631063997
3,FAIL,1.231633713286918
4,PASS,0.7440324279558452
