input,result,time
1,PASS,0.8518929961930426
2,PASS,1.2214066679599525
3,FAIL,1.137582694530793
4,PASS,1.3130538632474607
