input,result,time
1,PASS,0.8135231843981646
2,FAIL,0.8335215315613372
3,FAIL,0.647456768713143
4,FAIL,0.8495151614684141
