input,result,time
1,PASS,0.9621039208379152
2,PASS,0.6147887459831272
3,PASS,1.3851531285867789
4,FAIL,1.3599554091600936
