input,result,time
1,FAIL,1.3404285325354324
2,FAIL,0.7048657621804457
3,FAIL,0.6649588680867573
4,FAIL,0.624833057490086
