input,result,time
1,FAIL,0.6871308917508447
2,FAIL,1.4039839549282371
3,FAIL,1.0438059500773265
4,PASS,0.9569114216457658
