input,result,time
1,PASS,0.9787726368177081
2,PASS,0.7439408188668915
3,FAIL,1.222150765700104
4,PASS,0.6127882648309873
