input,result,time
1,PASS,1.0553132282501252
2,PASS,1.2621475888413183
3,PASS,0.8541610319710525
4,FAIL,1.3112001833075242
