test_case,result_difference,time_difference
1,-0.30619299430334196,0.11214295946188874
2,0.4103696610076427,0.01569355618175377
3,2.208815018830964,0.20819602770735585
4,-0.8488813853974965,-0.031787909129781494
