input,result,time
1,FAIL,1.348345269790006
2,PASS,0.9904199084362751
3,PASS,0.6853485869793828
4,FAIL,1.4958152929596351
