input,result,time
1,FAIL,0.5263213352840915
2,PASS,1.2188789152714246
3,PASS,1.3256808210194495
4,PASS,1.2468338109353565
