input,result,time
1,FAIL,1.1674483438759728
2,FAIL,1.2498628400980758
3,FAIL,0.7678393366922287
4,PASS,1.0401916792340364
