input,result,time
1,PASS,0.958503167066445
2,PASS,0.9445872878113007
3,PASS,0.8361022663998874
4,FAIL,1.3806781230470797
