input,result,time
1,FAIL,0.6204322422017594
2,PASS,1.4563895140719683
3,FAIL,0.6409170410071848
4,FAIL,1.112238008843265
