input,result,time
1,FAIL,0.644240102021566
2,PASS,1.3400166977352779
3,PASS,1.161577648229834
4,FAIL,0.5590232452691147
