input,result,time
1,PASS,1.2400975256176825
2,PASS,1.1805144811428259
3,PASS,1.1223844285660047
4,PASS,1.2105284027223457
