input,result,time
1,FAIL,0.6690254061291613
2,PASS,1.3595808364196214
3,FAIL,0.5585349222355588
4,PASS,0.9706209039180729
