input,result,time
1,FAIL,1.3375899450816944
2,FAIL,1.4301040832820364
3,PASS,1.06621305494892
4,FAIL,0.9476101264355077
