input,result,time
1,PASS,1.3373263760812975
2,PASS,0.8269422497741906
3,PASS,0.6048342072532509
4,FAIL,0.583530588555317
