input,result,time
1,PASS,0.9082377133635994
2,FAIL,1.2112301935499865
3,FAIL,0.9575072864833291
4,PASS,1.2539534054493602
