input,result,time
1,FAIL,0.6409574765236937
2,FAIL,1.4673378020369823
3,FAIL,1.3611230080657868
4,FAIL,1.1176569825692433
