input,result,time
1,FAIL,1.1982484778182907
2,FAIL,0.8354981696758996
3,FAIL,0.6476855782067074
4,FAIL,0.5626360030598098
