input,result,time
1,FAIL,0.6629544260466054
2,FAIL,1.1387617573665292
3,FAIL,0.9903053465487371
4,PASS,1.4894097772844315
