input,result,time
1,FAIL,1.1516835790857471
2,PASS,1.4611689766513523
3,PASS,1.4173230988371344
4,FAIL,1.1913744309289485
