input,result,time
1,FAIL,0.7172789723378313
2,PASS,1.2428982920807212
3,FAIL,0.696000754280739
4,FAIL,0.786329546873449
