test_case,result_difference,time_difference
1,1.6074856797065988,-0.030883882369301775
2,-0.24943486180638494,-0.1814248174016384
3,0.06918613341849246,-0.010035311795145984
4,0.7005401988677934,0.0709422517439271
