test_case,result_difference,time_difference
1,1.5192725622402794,0.12655938878465012
2,1.5889640158630227,-0.0827481578464334
3,-1.591788776899344,-0.054528457470502
4,0.11098725265737386,-0.16279460112155997
