input,result,time
1,FAIL,0.5817751782075661
2,FAIL,1.1644912264494156
3,FAIL,1.4589616184964966
4,FAIL,0.6359926899916076
