input,result,time
1,FAIL,1.086277321520618
2,FAIL,0.8486651977183677
3,PASS,1.34883302560441
4,FAIL,1.3048784485542388
