input,result,time
1,PASS,1.2448249549157926
2,FAIL,0.5212773373603411
3,FAIL,1.069569134112241
4,PASS,0.9384167268033342
