input,result,time
1,FAIL,0.6785799680576563
2,FAIL,1.1128667531169922
3,FAIL,0.5813695988533053
4,PASS,1.3818965030968324
