input,result,time
1,PASS,1.1803486660150015
2,PASS,0.5632076183386306
3,FAIL,1.107249374011541
4,FAIL,0.9776465028764161
