input,result,time
1,FAIL,1.3204621608393736
2,PASS,0.7307739412858947
3,FAIL,0.8259239398214991
4,FAIL,1.2083602670365967
