input,result,time
1,FAIL,0.7580592125384072
2,FAIL,1.0323203282585607
3,FAIL,1.2031890160156644
4,FAIL,1.449279900043142
