input,result,time
1,PASS,0.576797470227115
2,FAIL,0.7143595296180997
3,PASS,1.2972378916433551
4,PASS,0.7484852881360492
