input,result,time
1,FAIL,1.4574885434478495
2,PASS,1.2088828992608414
3,PASS,0.6127515099036583
4,PASS,1.05841002654588
