input,result,time
1,FAIL,1.253240119592177
2,PASS,0.7358342241056355
3,PASS,1.1204999002799876
4,FAIL,1.1396222429637417
