input,result,time
1,FAIL,1.107624106230235
2,PASS,0.8699406954854978
3,FAIL,1.0846397909736112
4,FAIL,0.6572814203656298
