input,result,time
1,PASS,1.4267157335917533
2,PASS,0.697171051855723
3,PASS,1.0325266009370602
4,PASS,1.1924629574728707
