input,result,time
1,FAIL,1.337944907498804
2,PASS,0.5960984078939631
3,PASS,1.4764594650133958
4,FAIL,0.9686512016477016
