input,result,time
1,PASS,1.0771402440203417
2,PASS,1.195270005904686
3,FAIL,1.1719571405958225
4,PASS,1.4488610207205075
