input,result,time
1,FAIL,1.2595720846225746
2,PASS,0.9908699049347629
3,FAIL,0.9607490891795125
4,PASS,0.670978996005468
