input,result,time
1,FAIL,1.239883917829101
2,PASS,1.398062357213735
3,FAIL,1.1725823112965212
4,PASS,1.0289399290308832
