input,result,time
1,FAIL,0.5373351134675556
2,FAIL,0.7933608820867746
3,PASS,1.4472139175888026
4,PASS,1.4658749315689512
