input,result,time
1,FAIL,1.2885455123065186
2,FAIL,0.5568480764332403
3,FAIL,1.1969972417249872
4,FAIL,1.2786953959411034
