input,result,time
1,PASS,1.4795732518644895
2,PASS,0.6484780877249718
3,FAIL,0.7587023220715012
4,PASS,0.7155288115645448
