input,result,time
1,FAIL,1.034203669127917
2,PASS,0.6614816281834988
3,FAIL,1.3534523470310464
4,FAIL,1.114815221939208
