input,result,time
1,PASS,1.2384024410154169
2,FAIL,1.0882017770788353
3,FAIL,1.4828033489679264
4,PASS,0.9994614891065746
