input,result,time
1,FAIL,1.2426077379116112
2,PASS,1.4619253420693554
3,PASS,1.1939652977828503
4,PASS,0.7897267369160198
