input,result,time
1,PASS,0.5557908125008532
2,FAIL,1.4050007399496693
3,PASS,0.634794963870947
4,FAIL,1.3496728266087545
