test_case,result_difference,time_difference
1,-1.8155996529461444,-0.03194932061977896
2,0.445406332038546,-0.015220971181721388
3,-1.042552031232107,-0.1220366086582187
4,0.7842736772089074,0.05972361918507168
