input,result,time
1,FAIL,1.3776183773849766
2,FAIL,1.1238679005772774
3,PASS,0.517029842112618
4,PASS,0.8779764739828766
