input,result,time
1,PASS,0.7213964462927722
2,PASS,0.6000140609215552
3,FAIL,0.765039698364482
4,PASS,0.5661494621169547
