input,result,time
1,PASS,1.3822836719191074
2,FAIL,1.233289134316726
3,PASS,0.9097262056307436
4,FAIL,0.8735110141556837
