input,result,time
1,FAIL,1.299865435582311
2,FAIL,0.8109303803440895
3,FAIL,0.9984347858624524
4,FAIL,1.2017857629358542
