input,result,time
1,FAIL,1.0910269008704914
2,FAIL,1.1591764718500284
3,PASS,0.897256747168042
4,FAIL,1.499277993922171
