input,result,time
1,FAIL,0.5120362228976543
2,FAIL,0.6154842971387481
3,FAIL,1.1184802595127479
4,FAIL,1.4742562128180503
