input,result,time
1,PASS,0.7439312041650472
2,FAIL,1.02361333476395
3,FAIL,1.2276409538410609
4,FAIL,0.7787510007084913
