input,result,time
1,PASS,1.376261938250313
2,FAIL,0.753916666989189
3,FAIL,0.5788023603094604
4,FAIL,1.2486557209831397
