input,result,time
1,FAIL,0.9894586354346981
2,FAIL,0.7436778752812322
3,FAIL,1.0886390002919866
4,FAIL,1.253240119592177
