input,result,time
1,FAIL,1.3734287537287821
2,FAIL,0.9286448527135037
3,FAIL,1.2240423855087599
4,PASS,1.284352591419983
