input,result,time
1,FAIL,1.0691959722309445
2,FAIL,1.2890359725593334
3,FAIL,1.330196579835052
4,FAIL,1.3429348593012822
