input,result,time
1,FAIL,1.3268052703690758
2,FAIL,0.6039908379712331
3,FAIL,1.1339816530073832
4,FAIL,1.2510322995349188
