input,result,time
1,PASS,0.5572921126601406
2,PASS,1.4819089243757793
3,FAIL,1.3013249504508313
4,PASS,0.623529745479963
