input,result,time
1,FAIL,1.390111541385807
2,FAIL,1.4890884372297908
3,PASS,1.1628564785571198
4,PASS,1.345364518667763
