input,result,time
1,FAIL,0.8995204466363517
2,FAIL,0.576797470227115
3,PASS,0.7143595296180997
4,FAIL,1.2972378916433551
