test_case,result_difference,time_difference
1,-1.7144684358329736,-0.04216754872009921
2,0.27976016592629777,-0.01730315523177713
3,1.5170194091103977,-0.1839072965723183
4,0.5281732612437001,0.11207554985857754
