input,result,time
1,PASS,1.0065316826226238
2,FAIL,1.1294612270091522
3,FAIL,1.2321422191397016
4,FAIL,1.390111541385807
