input,result,time
1,PASS,1.4107117463268657
2,FAIL,1.4410902922747164
3,PASS,0.5190765965601961
4,PASS,0.7591347248431232
