input,result,time
1,FAIL,1.2006655499201975
2,PASS,1.363491142122088
3,PASS,1.3968909369211802
4,PASS,0.5614714977781894
