input,result,time
1,PASS,0.914438025228521
2,FAIL,0.8553798150610512
3,FAIL,0.5438624297663825
4,FAIL,0.6842043065188271
