input,result,time
1,FAIL,1.1033229922907446
2,FAIL,0.6280208704508167
3,FAIL,1.0831928309905283
4,FAIL,0.5020646355744217
