input,result,time
1,FAIL,0.7211609153460838
2,FAIL,0.7531911937228519
3,FAIL,0.6310552312152578
4,FAIL,0.5120362228976543
