input,result,time
1,FAIL,1.3445500794719423
2,PASS,0.6943422229429832
3,PASS,1.2733260096105699
4,FAIL,1.4742586638572328
