input,result,time
1,FAIL,0.7914140243467394
2,FAIL,1.1394010219079078
3,PASS,0.8676734745044764
4,PASS,0.6616179757402767
