input,result,time
1,FAIL,1.0890134889852785
2,PASS,0.7566326166390293
3,PASS,1.0646472143098586
4,FAIL,0.8180302891605546
