input,result,time
1,FAIL,1.217559500212526
2,FAIL,1.2381515456910566
3,FAIL,1.4064941252379208
4,PASS,1.299865435582311
