input,result,time
1,FAIL,0.5005921790311396
2,FAIL,0.8696227823077173
3,PASS,1.4647295412294632
4,PASS,1.136656076568023
