input,result,time
1,FAIL,1.023155989992076
2,FAIL,0.7505205864171786
3,FAIL,1.1050430168104723
4,FAIL,0.802904808669835
