input,result,time
1,PASS,0.6705975373500036
2,PASS,1.009101578523353
3,FAIL,0.7796230154608906
4,PASS,1.4518720771014173
