input,result,time,matrix_size
1,FAIL,0.6589695836455197,269
2,PASS,0.6103751411643051,775
3,FAIL,1.1563295894652734,548
4,PASS,0.6381829513486138,195
