input,result,time
1,PASS,0.6433532874090464
2,FAIL,1.444668917049584
3,PASS,1.0218483217500718
4,FAIL,0.9146619399905236
