input,result,time,matrix_size
1,FAIL,0.5187898004363551,435
2,PASS,1.117635497075877,488
3,PASS,1.1120957227224215,717
4,PASS,1.116933996874757,142
