input,result,time
1,FAIL,0.8599044527179551
2,PASS,0.5473442285941768
3,FAIL,1.0232101780856424
4,PASS,0.6905731203934748
