input,result,time
1,FAIL,1.0823197330520553
2,PASS,0.6074725677688045
3,FAIL,0.7875445022805615
4,PASS,0.9567036258604842
