input,result,time
1,FAIL,0.9757424146532329
2,FAIL,0.9512208523522457
3,FAIL,1.4237196899102278
4,FAIL,0.6686892805182185
