test_case,result_difference,time_difference
1,1.0356305282669263,-0.1743015882108218
2,-0.544956010305243,0.059494177586709086
3,-0.09201031613551085,0.04285632328722623
4,-0.5883679192803789,-0.0578071544701379
