test_case,result_difference,time_difference
1,0.5853943420786563,-0.08184947412221323
2,1.0791004421343056,-0.14345176444271526
3,-0.14348326020789287,0.16845958262770422
4,-0.39831685541772077,-0.09068695556024109
