input,result,time
1,FAIL,1.2781567509498504
2,PASS,1.3700121482468193
3,FAIL,1.478618342232764
4,FAIL,1.2991585642167236
