input,result,time
1,PASS,1.2805291762864555
2,FAIL,0.6182744258689332
3,FAIL,1.139921021327524
4,FAIL,0.6433532874090464
