input,result,time
1,FAIL,1.2994090164326244
2,FAIL,0.7027119770494185
3,FAIL,1.4121305958185701
4,PASS,1.185725458759102
