input,result,time
1,PASS,0.7590189172754442
2,FAIL,0.8921798826190154
3,PASS,1.2335704476706062
4,PASS,1.4368628255593556
