input,result,time
1,PASS,0.9116264595084367
2,FAIL,0.805267009897289
3,PASS,1.4430622606027792
4,PASS,1.4906516926063995
