input,result,time
1,FAIL,0.9300270707520374
2,FAIL,0.7257999118904803
3,PASS,1.2036476082919896
4,PASS,0.720178526556501
