input,result,time
1,FAIL,0.6323627030823933
2,FAIL,0.6549564617859214
3,PASS,1.3352651646990612
4,FAIL,1.0589617674172946
