input,result,time
1,PASS,0.7908974329632806
2,FAIL,0.7317910051324827
3,FAIL,1.2253529746690917
4,PASS,0.9261944904292336
