test_case,result_difference,time_difference
1,0.5863283462288807,-0.07290750167111176
2,-0.6650941111731371,-0.06114683425037026
3,0.8097787995727662,0.024727973022978578
4,0.053588751705752224,-0.13435135552524932
