input,result,time
1,PASS,1.1996220542505167
2,PASS,0.8277204015571189
3,FAIL,1.2567786427368892
4,PASS,1.1360610554471413
