input,result,time
1,FAIL,1.2469942401995033
2,PASS,0.5925961651185135
3,PASS,0.7174504927055718
4,PASS,1.2492544170632396
