input,result,time,matrix_size
1,FAIL,1.1990980747185112,214
2,PASS,1.4923963988886326,898
3,FAIL,0.7672625378814782,129
4,PASS,1.179090615627414,853
