input,result,time,matrix_size
1,FAIL,0.7453672098528448,780
2,PASS,0.9205394666800985,544
3,FAIL,1.057368791323917,517
4,PASS,1.3605511738287936,384
