input,result,time,matrix_size
1,FAIL,0.8518705609272555,958
2,PASS,1.2383903376936125,533
3,PASS,1.0553612630261748,385
4,FAIL,0.7015177133232183,615
