input,result,time
1,PASS,1.0699649107012648
2,FAIL,1.0908727612481732
3,FAIL,1.0743252488495787
4,PASS,1.1532008198571337
