input,result,time
1,PASS,0.6407112885374452
2,PASS,1.249342846485871
3,PASS,0.60703503033382
4,PASS,1.0839133888831423
