input,result,time
1,PASS,0.8091918277779059
2,FAIL,0.6247401878093637
3,FAIL,0.9617576297529471
4,FAIL,0.9343451101984821
