test_case,result_difference,time_difference
1,-0.6416103212048223,-0.1234238651077265
2,-0.3675916971733573,-0.21096540702049726
3,0.07067074728922607,-0.04433011633649733
4,1.8914164247339824,0.06161829475886861
