input,result,time
1,FAIL,0.606080237710278
2,PASS,0.8379033276532334
3,PASS,0.6230108813770878
4,PASS,0.5939914224069244
