input,result,time
1,FAIL,1.1496564952358357
2,PASS,1.3809980607861312
3,FAIL,1.0559376888086067
4,FAIL,1.2416031071523237
