input,result,time
1,PASS,1.273853891491353
2,PASS,0.8588615787927953
3,PASS,1.4088765512228052
4,PASS,0.796257271250901
