input,result,time
1,PASS,0.974871700714009
2,PASS,1.4040508194352816
3,FAIL,0.5352198045754071
4,PASS,0.6806606215406343
