input,result,time
1,FAIL,1.1176569825692433
2,PASS,0.5429061904025582
3,FAIL,1.2008556494477376
4,FAIL,1.4132843408854807
