input,result,time
1,FAIL,0.7521832672197644
2,PASS,1.0768697858615282
3,PASS,1.349543796761894
4,PASS,0.7106516242264758
