input,result,time
1,PASS,1.4180044020391467
2,FAIL,1.2993056417265596
3,PASS,0.7033566240695978
4,PASS,1.0700468780927677
