input,result,time
1,PASS,0.560077964313258
2,FAIL,0.709860473870142
3,PASS,0.6323056748530629
4,PASS,0.6932362924745561
