input,result,time
1,PASS,0.8240427154717623
2,PASS,1.1589164331843178
3,FAIL,1.0226096468822
4,FAIL,1.1254888050590406
