input,result,time
1,PASS,1.2111445465517385
2,FAIL,0.6972149091669834
3,FAIL,1.4652265212790405
4,PASS,0.971161517852448
