input,result,time
1,FAIL,1.1832813355476803
2,FAIL,1.195625445638857
3,FAIL,0.7835188465821666
4,FAIL,0.8799269559001205
