input,result,time
1,FAIL,1.431800579700714
2,FAIL,1.3402756236614115
3,FAIL,0.8464611191855809
4,PASS,0.9285954734553583
