input,result,time
1,FAIL,0.8237868561850664
2,PASS,1.1176301498193064
3,PASS,0.8034443667397236
4,PASS,0.8931082825252372
