input,result,time
1,FAIL,1.2665910506061584
2,PASS,1.1886834264786805
3,PASS,1.2079823546511865
4,FAIL,1.2672100660540968
