test_case,result_difference,time_difference
1,1.1242287227815837,-0.06693651438638647
2,-0.634286981319493,0.18562021093452807
3,-0.6642995746398873,0.007378217135439809
4,0.8772542991849642,0.04652168174346918
