test_case,result_difference,time_difference
1,0.08086257732272345,0.2224316550819166
2,1.1874836730120781,0.1122283471347023
3,0.5745600147009704,-0.018851379477561478
4,-0.9599829131723685,-0.03967174137094695
