input,result,time
1,PASS,0.8794764931241095
2,PASS,1.0539777956235072
3,FAIL,0.5148214542121826
4,FAIL,0.5601653175901811
