test_case,result_difference,time_difference
1,-0.8561595096033725,0.00547871234482785
2,-1.9172387093981837,0.10684398977496273
3,-1.1747637070227916,0.11256008715016648
4,0.6604604952999568,-0.00900128438353208
