input,result,time
1,PASS,1.3400166977352779
2,FAIL,1.161577648229834
3,FAIL,0.5590232452691147
4,PASS,1.3109817316001533
