input,result,time
1,FAIL,1.2687722230537535
2,FAIL,1.4668005974515537
3,PASS,1.4345603745300182
4,FAIL,1.4215475478121653
