input,result,time
1,PASS,1.0390735467669154
2,FAIL,1.2241478484039083
3,PASS,0.8888674304090679
4,PASS,0.7270839709579695
