input,result,time
1,PASS,0.5682532331931166
2,FAIL,0.9298234261666003
3,PASS,1.3086081301296977
4,FAIL,0.8195925913812829
