input,result,time
1,FAIL,1.2372542425964772
2,PASS,0.6097844580625007
3,FAIL,1.106308133045085
4,PASS,1.2032174964672158
