input,result,time
1,FAIL,0.52101545945913
2,FAIL,1.4351834334781917
3,FAIL,0.6789154272686008
4,PASS,1.354342599039903
