input,result,time
1,PASS,0.5282566829717568
2,PASS,0.6138081980235716
3,FAIL,0.6020717291191519
4,FAIL,1.2569353251210549
