input,result,time
1,PASS,1.291400284414208
2,PASS,0.777119151925071
3,FAIL,1.12696500011777
4,FAIL,1.4815952327462791
