input,result,time
1,PASS,0.63560573845521
2,PASS,0.6349878962151835
3,FAIL,1.2657772259423439
4,FAIL,1.249466132415379
