input,result,time
1,PASS,1.1628564785571198
2,PASS,1.345364518667763
3,PASS,1.2780388469246988
4,FAIL,0.807532039218712
