input,result,time
1,FAIL,0.8855697864840258
2,FAIL,1.3151862854717544
3,PASS,0.9050367437079142
4,PASS,0.602826587785013
