input,result,time
1,FAIL,1.4556812659326779
2,PASS,1.185406160996474
3,PASS,1.472901161490297
4,FAIL,1.440833862313262
