test_case,result_difference,time_difference
1,-0.011972635332596883,-0.15096459737238904
2,-0.17798772350386105,0.1283925359369535
3,0.11816389368524959,0.12582340559520752
4,0.5157304963557794,-0.08159334974664757
