input,result,time
1,PASS,0.7425549364671864
2,FAIL,1.4317043602519064
3,FAIL,0.634456664563005
4,PASS,1.013024564044749
