input,result,time,image_size
1,FAIL,0.7243170289747393,1162
2,PASS,0.597844484494034,749
3,FAIL,1.3621915174216834,1896
4,PASS,1.4729194890231303,1502
