input,result,time,image_size
1,FAIL,0.9634509773844829,2749
2,PASS,1.3745729576449965,2689
3,PASS,1.4441197509175634,2769
4,FAIL,1.108252865854013,1904
