input,result,time,image_size
1,PASS,1.054687808661419,862
2,FAIL,0.7870515199196297,1176
3,PASS,1.206574706272979,837
4,PASS,0.914856869333564,936
