input,result,time
1,FAIL,0.6013740398376338
2,FAIL,0.7867258487897663
3,FAIL,0.6966462873081208
4,FAIL,0.5089039985740399
