input,result,time,image_size
1,FAIL,0.7123904988903086,3325
2,PASS,0.7224432243868187,1858
3,FAIL,0.7187493737367718,2651
4,FAIL,1.069573534574738,3925
