input,result,time
1,FAIL,1.396546595851063
2,PASS,0.8675618700478965
3,FAIL,0.9358649252656268
4,PASS,1.3919233550156722
