input,result,time,image_size
1,PASS,0.8015986344809425,1118
2,PASS,0.7621181492396782,2632
3,PASS,0.9561405668004797,758
4,PASS,1.1832813355476803,3412
