input,result,time,image_size
1,PASS,1.2090721135651303,1369
2,PASS,1.111748414432958,1916
3,PASS,1.171907016279956,1397
4,PASS,0.9475158707610247,1124
