input,result,time
1,FAIL,0.8639745616140607
2,PASS,1.3763910735110862
3,FAIL,1.4719199778150287
4,FAIL,1.064832830230426
