input,result,time
1,PASS,0.5037097737500187
2,FAIL,1.3450776272778744
3,FAIL,0.6548407034015766
4,FAIL,0.704144275513726
