input,result,time
1,FAIL,0.8290161587235815
2,PASS,0.6125129576993384
3,PASS,1.0408951624566958
4,FAIL,0.6254884972364103
