test_case,result_difference,time_difference
1,-0.2606876291173294,-0.16338570360287427
2,-0.8247629955630402,-0.09696671182658784
3,0.43922586296440963,0.08507509806799793
4,-0.16772001367652808,0.03124485924515011
