input,result,time
1,FAIL,1.4132843408854807
2,PASS,1.024577067478626
3,PASS,0.8542248218272628
4,FAIL,0.6202773449794696
