test_case,result_difference,time_difference
1,-0.16183501415447207,0.08097058421082148
2,-2.2625581412773355,0.18474978627835958
3,-2.050680320586358,-0.0006853758927187429
4,-2.243580366518329,-0.04056172452853468
