input,result,time
1,PASS,0.9959702953734696
2,PASS,1.1817399450693613
3,PASS,0.7773402713052435
4,PASS,1.02437981107722
