input,result,time
1,PASS,1.3065440947707139
2,FAIL,1.195710985961149
3,PASS,0.9960924883448611
4,FAIL,0.9333673551633952
