input,result,time
1,PASS,1.345364518667763
2,FAIL,1.2780388469246988
3,FAIL,0.807532039218712
4,PASS,1.375692270234923
