input,result,time
1,PASS,1.2358938968077329
2,PASS,0.6415064856219003
3,PASS,1.3659454685664771
4,PASS,0.9413214701804108
