input,result,time
1,PASS,1.3818965030968324
2,FAIL,1.219620157842288
3,PASS,1.4663899714378934
4,PASS,1.0076355472407648
