input,result,time
1,FAIL,0.5161588161529621
2,PASS,0.9548903534657717
3,PASS,0.8539668235661548
4,PASS,1.148998663262847
