input,result,time
1,FAIL,1.010133963509345
2,FAIL,1.206834874652654
3,PASS,1.3019944186983263
4,PASS,0.9238044982290331
