input,result,time
1,FAIL,0.8966101121260647
2,FAIL,0.6066824468027134
3,PASS,0.9087738294698373
4,FAIL,0.7961277734146933
