input,result,time
1,PASS,1.1455162955349198
2,FAIL,0.8259104437690329
3,PASS,0.6966763600522652
4,PASS,1.079067539631366
