input,result,time
1,FAIL,1.3164210312143556
2,FAIL,1.3075638041598734
3,PASS,0.5510073088287558
4,PASS,1.1271607114618583
