input,result,time
1,FAIL,0.9543342421615151
2,PASS,0.9473228872557253
3,PASS,1.3207342620964067
4,PASS,1.423878302511361
