input,result,time
1,FAIL,1.040047963693692
2,FAIL,1.1455442945794938
3,FAIL,0.8448565866227481
4,FAIL,0.6011074905634913
