input,result,time
1,PASS,1.3719683961501463
2,FAIL,0.9482821468944455
3,PASS,0.5143491477403501
4,PASS,1.1114853239164697
