input,result,time
1,FAIL,0.8702195318246051
2,PASS,0.7511986348237022
3,PASS,1.0402604089337042
4,FAIL,0.6051019680775893
