test_case,result_difference,time_difference
1,-0.9379608164905481,0.0562578165006003
2,-0.2369773045173434,-0.13729681154426607
3,0.305179609434011,-0.07156344402707283
4,-1.8704880832575386,-0.10886286960638761
