input,result,time
1,PASS,1.2402449976749566
2,PASS,1.1283138303739122
3,PASS,1.2697890206778348
4,FAIL,1.2689194362148217
