input,result,time
1,FAIL,0.6237433284147162
2,FAIL,1.065147338603135
3,PASS,0.5977487131935516
4,FAIL,1.0470768023064918
