input,result,time
1,FAIL,1.2785842640282814
2,PASS,1.3515577942834893
3,PASS,1.3164127137140635
4,FAIL,0.666077088593418
