input,result,time
1,FAIL,0.8998121400093307
2,PASS,1.1713834786701531
3,FAIL,0.8447181273755077
4,PASS,1.2137668684100165
