input,result,time
1,PASS,1.4211266997778937
2,FAIL,1.0057986327667918
3,FAIL,1.158125166591863
4,FAIL,0.5614986451728705
