input,result,time
1,PASS,1.444625718422124
2,FAIL,0.6355484331085064
3,FAIL,1.220265852504758
4,PASS,1.4253950252924406
