test_case,result_difference,time_difference
1,-0.6111785232183676,0.029295289661996717
2,-0.30258484214143344,0.1258009371295129
3,-0.6216054249959745,0.1598285187734469
4,1.3385045327728318,0.03232414348067249
