input,result,time
1,FAIL,0.74418344520008
2,FAIL,0.87140953080009
3,PASS,0.9870522026507763
4,FAIL,1.3842059196843302
