input,result,time
1,FAIL,1.1107655897874191
2,FAIL,1.1950880426047261
3,FAIL,0.9379791291096805
4,PASS,0.8727367514376067
