input,result,time
1,PASS,1.0289399290308832
2,FAIL,0.8044463643473783
3,FAIL,1.4979622513286734
4,FAIL,0.8621890589393894
