input,result,time
1,PASS,0.5408748600940183
2,FAIL,0.7578216943085364
3,FAIL,1.2402449976749566
4,PASS,1.1283138303739122
