input,result,time
1,PASS,0.5833408493726504
2,PASS,1.0319263621729646
3,PASS,0.7633943565164739
4,PASS,1.390285405591798
