test_case,result_difference,time_difference
1,1.5787559735497876,0.33025285772517227
2,0.39689835780368465,0.07405211094270751
3,-2.214424811718123,0.0680969322566972
4,-1.4199315586124315,0.04549093862021933
