input,result,time
1,FAIL,0.5680930992421066
2,PASS,1.4438508573508195
3,FAIL,1.4649249408484395
4,PASS,1.2193890620039736
