input,result,time
1,PASS,1.0786099801171
2,FAIL,1.1836015003535572
3,FAIL,0.7687493870767355
4,FAIL,0.6297626225683813
