input,result,time
1,FAIL,0.9413214701804108
2,FAIL,0.9864104488886655
3,FAIL,0.9483691788979973
4,FAIL,1.0678460014775075
