input,result,time
1,PASS,1.2997301289520093
2,PASS,0.6621708730858584
3,FAIL,0.6945745242572069
4,PASS,1.382035922525827
