input,result,time
1,PASS,1.2674657630849424
2,PASS,1.0168330403809707
3,PASS,1.4829264779958555
4,FAIL,0.6440585410908423
