input,result,time
1,FAIL,0.8495577757673076
2,PASS,0.6547233189353576
3,PASS,1.4803220340371652
4,PASS,0.6158493267938244
