input,result,time,matrix_size
1,PASS,0.5256627180545316,356
2,PASS,0.7074700754411094,236
3,PASS,0.9246854687515063,307
4,PASS,0.8741699803342255,563
