input,result,time,matrix_size
1,FAIL,1.0362745443678754,777
2,PASS,1.1802701510460296,271
3,PASS,1.109177581558388,823
4,FAIL,0.5984780033639708,956
