input,result,time,matrix_size
1,FAIL,0.5030995410843868,297
2,PASS,1.0973029395241212,480
3,FAIL,1.1490783347058682,200
4,PASS,0.505189627256445,485
