input,result,time
1,FAIL,0.7580359567417546
2,PASS,0.973385725594295
3,PASS,1.334176256556237
4,FAIL,0.7304003143071756
