input,result,time
1,PASS,0.5445711109876641
2,FAIL,1.4132835963670338
3,FAIL,0.8050466983628616
4,PASS,1.0579874006096328
