input,result,time
1,PASS,0.8308367624908067
2,FAIL,1.3253026175490916
3,FAIL,0.7439377895112994
4,FAIL,0.8316021456671306
