input,result,time
1,FAIL,1.2664119839578025
2,FAIL,0.8047141748205147
3,FAIL,1.3725633575295846
4,PASS,0.562556665129543
