input,result,time
1,FAIL,0.9131347717827648
2,PASS,1.0228242829238479
3,FAIL,0.5444433882595562
4,PASS,0.6458411658708507
