input,result,time
1,PASS,0.5078134517936137
2,FAIL,0.5355519980826162
3,FAIL,1.1715035072621554
4,PASS,0.6448560994161584
