input,result,time
1,PASS,0.9567036258604842
2,FAIL,0.5209500692677305
3,PASS,0.9116155136137588
4,FAIL,0.9894586354346981
