test_case,result_difference,time_difference
1,-0.5109070028071283,-0.18660904717625057
2,1.1097398800571001,-0.10975671937469898
3,0.42812031815646934,0.09529530754524655
4,-0.2835961419121414,0.06509192377591042
