input,result,time,matrix_size
1,PASS,1.2143757403112454,100
2,FAIL,0.6572221007879543,312
3,FAIL,0.8421375126072165,209
4,PASS,1.2272499063287814,704
