input,result,time
1,PASS,1.1455702444560039
2,PASS,0.5353624357554909
3,FAIL,0.9304024395080612
4,PASS,1.0100168523182502
