input,result,time,matrix_size
1,PASS,0.9174863747960118,712
2,PASS,0.631289328473256,190
3,PASS,1.1041178040208819,168
4,PASS,0.8828080591578541,717
