input,result,time,matrix_size
1,FAIL,0.9465467390224825,191
2,FAIL,0.594697231081284,743
3,PASS,1.3766484079235166,372
4,PASS,0.5375343500511105,419
