input,result,time
1,FAIL,0.7064514112463147
2,PASS,1.29752636086794
3,PASS,1.3080493403229045
4,FAIL,1.427020568786396
