input,result,time
1,FAIL,1.3560349969338064
2,FAIL,0.593212474045344
3,FAIL,1.2536800891297917
4,PASS,1.190211281518978
