input,result,time
1,FAIL,1.300760508486135
2,PASS,0.8774301852153938
3,FAIL,1.1702389414436098
4,PASS,0.971664066204949
