input,result,time
1,FAIL,0.9309832112045242
2,FAIL,0.8015665748910296
3,PASS,1.0808353708987086
4,FAIL,0.9531982594887133
