input,result,time
1,FAIL,1.4942330832207622
2,FAIL,1.1147698861442987
3,FAIL,0.5371296038914478
4,FAIL,0.5142515151502959
