test_case,result_difference,time_difference
1,2.180633506497761,-0.15638433099861518
2,0.9458844877933256,-0.011972753934854006
3,0.240730146214228,0.045599078553986344
4,-0.7062529541743452,-0.1533749047906923
