input,result,time
1,FAIL,1.225234654165157
2,PASS,1.4597492929191649
3,FAIL,0.9044510439065518
4,PASS,1.3610900001893993
