input,result,time
1,FAIL,0.6932362924745561
2,FAIL,1.185467145913117
3,PASS,0.5494997442610677
4,PASS,0.6018546152482165
