input,result,time
1,FAIL,1.3727117340281252
2,PASS,1.145212467277702
3,PASS,0.6000132927449618
4,PASS,0.9919395346566725
