input,result,time
1,PASS,0.6523547056877305
2,FAIL,0.9174863747960118
3,PASS,0.631289328473256
4,PASS,1.1041178040208819
