input,result,time
1,PASS,0.7703279052387146
2,FAIL,0.6314827992911276
3,PASS,0.5553743204211979
4,PASS,0.8015986344809425
