input,result,time,image_size
1,FAIL,0.8577578840803387,1638
2,PASS,0.6636842611516485,601
3,PASS,0.9413741433324861,1262
4,FAIL,0.762799956324489,2639
