input,result,time,image_size
1,FAIL,0.8605455604858923,837
2,PASS,1.3286569145557379,936
3,PASS,1.424966911953192,676
4,FAIL,0.5460073108872969,1713
