input,result,time,image_size
1,PASS,1.3026921398967777,1423
2,PASS,1.3363640274815305,3911
3,FAIL,0.9152799467058383,1819
4,PASS,0.9156082609352576,2776
