input,result,time
1,PASS,0.7168702500910407
2,PASS,1.4031496468515714
3,PASS,0.542924190608832
4,PASS,0.8330720344743188
