input,result,time
1,FAIL,0.9246630028405929
2,FAIL,0.6076177051495819
3,FAIL,1.068217593669845
4,FAIL,0.7465569398111561
