input,result,time
1,FAIL,0.9159533146297795
2,PASS,0.7312549529796885
3,FAIL,0.8078740979600233
4,PASS,1.4454309703916057
