input,result,time
1,PASS,1.010400610899028
2,FAIL,0.7916492615163876
3,PASS,0.7221399217612132
4,FAIL,1.3797224082996742
