input,result,time
1,PASS,1.0765950773635247
2,FAIL,0.9265713997011944
3,FAIL,1.376261938250313
4,FAIL,0.753916666989189
