input,result,time
1,FAIL,0.9103015626901256
2,PASS,1.1232946730201308
3,FAIL,1.3869607812174176
4,FAIL,1.1188261682413765
