input,result,time
1,PASS,1.2300025047009917
2,FAIL,0.5749214425124146
3,FAIL,1.0533152433905455
4,FAIL,1.076656725134395
