input,result,time
1,PASS,0.6310552312152578
2,PASS,0.5120362228976543
3,FAIL,0.6154842971387481
4,FAIL,1.1184802595127479
