input,result,time
1,PASS,0.7961277734146933
2,FAIL,0.9934069622891781
3,PASS,1.1570436769164232
4,FAIL,0.9610502191524082
