input,result,time
1,FAIL,0.6541171693773198
2,FAIL,0.7449902099049505
3,FAIL,1.0929463194364692
4,FAIL,1.1124252490967343
