input,result,time
1,PASS,1.3451540869957204
2,FAIL,0.8827642192427715
3,PASS,0.5247690580392487
4,PASS,1.3310311139953783
