input,result,time
1,PASS,0.7429720549826809
2,PASS,1.1851095134437246
3,PASS,0.8994028331119815
4,PASS,0.8890913171458931
