input,result,time
1,PASS,0.7114547957824136
2,FAIL,0.5593831880057892
3,FAIL,1.3760268479205742
4,PASS,1.41854645119035
