input,result,time
1,FAIL,1.2031890160156644
2,FAIL,1.449279900043142
3,FAIL,1.19408737508298
4,FAIL,1.2811928439623905
