input,result,time
1,PASS,0.79797026415693
2,PASS,1.2092337639507906
3,PASS,1.231930277681536
4,PASS,0.8422263312509606
