input,result,time
1,FAIL,0.6873420573263413
2,FAIL,0.5192404412946996
3,FAIL,1.2705388421615889
4,PASS,0.721392156181282
