input,result,time
1,FAIL,1.1864209866220572
2,FAIL,0.6342342048147659
3,FAIL,1.3051491327144351
4,FAIL,0.5366191741632971
