input,result,time
1,PASS,0.9576847759296238
2,PASS,1.3658437598357476
3,PASS,1.2015059521248777
4,PASS,1.3463315580765878
