input,result,time
1,FAIL,1.3895703783683564
2,FAIL,0.7962199635430616
3,PASS,1.272591214936615
4,FAIL,0.9208240370590847
