input,result,time
1,FAIL,0.7176628434577385
2,FAIL,1.4738186968459832
3,FAIL,0.6623579479126668
4,FAIL,0.7908409066567426
