input,result,time
1,PASS,1.4171702002272217
2,PASS,0.6657753017226593
3,FAIL,1.2326992072521223
4,FAIL,0.748651644347927
