input,result,time
1,FAIL,0.947824112561178
2,FAIL,0.5001146825238469
3,FAIL,1.39451453837299
4,FAIL,1.1625257547622243
