input,result,time
1,PASS,0.809290839465757
2,FAIL,0.8029479656864209
3,PASS,0.5359203323340775
4,PASS,1.233708495960581
