input,result,time
1,PASS,0.9935785311461767
2,FAIL,1.3257381885570965
3,FAIL,1.318422162181787
4,FAIL,0.5804485155374005
