input,result,time
1,FAIL,0.9973631168932895
2,FAIL,0.734382952504573
3,FAIL,1.0927595785429434
4,PASS,1.2932593060544022
