test_case,result_difference,time_difference
1,-0.779405779647075,0.020293822850271967
2,0.312604349253607,0.11837082457598427
3,0.4166020077333825,-0.024684236334666605
4,-1.9026955317632408,-0.1242941182983492
