test_case,result_difference,time_difference
1,-0.8493975864003177,-0.17391744794758354
2,0.6630642341815222,0.06677630602089928
3,0.7186737418961847,-0.02165084829669814
4,1.8538170947947235,0.056741806578001534
