input,result,time
1,FAIL,1.4358320802167885
2,PASS,1.483426242260642
3,PASS,0.8998016922245259
4,FAIL,0.8803351835275731
