input,result,time
1,PASS,1.3061241514404442
2,FAIL,0.6073010315155045
3,PASS,0.5090599995223849
4,PASS,0.6917241099218456
