input,result,time
1,FAIL,0.7228638180149802
2,PASS,0.5805320034718441
3,FAIL,0.5853109231187034
4,FAIL,0.7213964462927722
