input,result,time
1,PASS,0.864284574718846
2,PASS,1.3484385146266606
3,PASS,0.809633859741126
4,FAIL,1.2639275457910184
