input,result,time
1,FAIL,1.2879157509538763
2,PASS,1.0552941074669597
3,PASS,0.8956336676257262
4,PASS,1.455465933305781
