input,result,time
1,PASS,1.1188261682413765
2,PASS,0.6334614709349344
3,PASS,1.4805801327872823
4,FAIL,1.371785734755493
