input,result,time
1,FAIL,0.979232863684742
2,FAIL,0.842249665959474
3,PASS,0.9304590627309557
4,FAIL,1.336419977015915
