input,result,time
1,FAIL,1.283234438313813
2,FAIL,0.7883984973314939
3,PASS,0.741418620076574
4,PASS,1.162504571532676
