input,result,time
1,FAIL,0.8956902657903449
2,PASS,1.0991460959714532
3,PASS,1.1709963158266485
4,PASS,0.8444472887280792
