input,result,time
1,FAIL,0.6028633586934382
2,PASS,0.5923738894608982
3,PASS,0.8540466620838102
4,PASS,1.051816259133259
