input,result,time
1,FAIL,1.0542424350844404
2,FAIL,0.7123904988903086
3,FAIL,0.7224432243868187
4,PASS,0.7187493737367718
