input,result,time
1,PASS,0.8022072827360107
2,FAIL,1.1772124291139527
3,PASS,1.0778637242618545
4,PASS,0.8307249654946358
