input,result,time
1,PASS,1.4045063612638107
2,PASS,0.6655076546976709
3,PASS,0.870359902249219
4,PASS,1.2901673830554339
