input,result,time
1,FAIL,0.9113292642641662
2,PASS,1.2529962237051602
3,FAIL,1.241125293520472
4,PASS,1.0858668905158522
