input,result,time
1,FAIL,0.870273855267327
2,PASS,0.6939821393308995
3,PASS,1.0505212186035222
4,PASS,1.0602344499073262
