input,result,time
1,FAIL,1.2301220295167696
2,PASS,0.8119449954796019
3,PASS,0.8982210622160919
4,FAIL,0.7098437489751221
