input,result,time
1,PASS,1.0236812382264868
2,PASS,0.9966990816834417
3,FAIL,1.4480310059579033
4,FAIL,1.1001588943829326
