test_case,result_difference,time_difference
1,-1.2529378261343347,0.08098489819245436
2,0.9555083239846739,0.036186748581781385
3,0.1176651857304942,-0.12665430760067495
4,1.2649722655953601,-0.04271115046810489
