input,result,time
1,FAIL,1.2083602670365967
2,FAIL,0.8927589459044728
3,PASS,0.5292709401010441
4,FAIL,0.934955219026878
