input,result,time
1,PASS,1.0936221483154944
2,PASS,1.476201382133374
3,PASS,0.8658634756704651
4,FAIL,1.4704910010077352
