input,result,time
1,FAIL,0.64090976416206
2,FAIL,1.362666057932753
3,PASS,0.754288130277344
4,FAIL,1.165951410754416
