input,result,time
1,FAIL,0.9930168542378287
2,PASS,1.3440937119585832
3,PASS,1.2937512496926533
4,FAIL,1.1646787233813294
