input,result,time
1,PASS,0.6957970061256054
2,FAIL,1.4832504117524197
3,PASS,0.6117472530325273
4,PASS,1.2940653129573834
