input,result,time
1,FAIL,1.3646191624838138
2,PASS,1.107439593961235
3,FAIL,1.1274247007942457
4,FAIL,0.8739138895854367
