input,result,time
1,PASS,0.709860473870142
2,PASS,0.6323056748530629
3,PASS,0.6932362924745561
4,FAIL,1.185467145913117
