input,result,time
1,FAIL,0.7736383103000228
2,PASS,0.7107106425777696
3,PASS,1.271146097054588
4,PASS,0.8290161587235815
