input,result,time
1,FAIL,0.6773408425201027
2,PASS,0.72445162752589
3,PASS,0.5438387852927329
4,PASS,1.306260580859862
