input,result,time
1,PASS,0.5697882801784182
2,FAIL,0.7198043978564719
3,PASS,0.6493761946567211
4,PASS,1.101160583550034
