input,result,time
1,PASS,1.1180628218327442
2,FAIL,1.3272194638723884
3,FAIL,0.6384958707680706
4,FAIL,1.124188676492314
