input,result,time
1,FAIL,1.4195074069058207
2,PASS,1.2104557595044916
3,PASS,0.6770057815674959
4,PASS,0.9835181274274587
