input,result,time
1,PASS,1.3126998762258735
2,FAIL,1.2544079497249547
3,FAIL,0.8141866322331927
4,PASS,0.5208469757673685
