test_case,result_difference,time_difference
1,0.6705113795933407,-0.05828537508784955
2,-0.5191710248756601,-0.06467263645739031
3,0.7642362511241748,0.08885355905935483
4,1.2442187298716285,0.09805188670993498
