input,result,time
1,FAIL,1.2045737172836195
2,FAIL,1.0400740807862157
3,FAIL,1.1761400818139303
4,PASS,0.7782313896671433
