input,result,time
1,FAIL,1.06631160555433
2,FAIL,0.6858167482259957
3,FAIL,0.6047361066812933
4,PASS,0.6165586124295985
