input,result,time
1,PASS,1.3974333267292596
2,PASS,0.918892426518415
3,PASS,1.4107252348428405
4,PASS,1.003527819782402
