input,result,time
1,FAIL,1.3564658000837886
2,PASS,0.9247148718116132
3,FAIL,1.2193427888053727
4,PASS,1.171408977503442
