input,result,time
1,PASS,0.9837528647017362
2,FAIL,0.756113795020018
3,FAIL,1.3237176720231694
4,FAIL,0.7327726721811121
