input,result,time
1,PASS,0.5341099037098158
2,PASS,1.1645010506676454
3,FAIL,1.367687175343498
4,PASS,0.8375705361260297
