input,result,time
1,FAIL,0.8508833225641529
2,PASS,1.127087899810697
3,PASS,1.0994054687203576
4,FAIL,1.2395375595631366
