input,result,time
1,FAIL,0.9144565348056797
2,PASS,0.6274988817699885
3,PASS,1.340640908200478
4,FAIL,0.559757917960394
