input,result,time
1,PASS,0.6377248457779756
2,FAIL,1.1490695977908352
3,FAIL,1.3560349969338064
4,PASS,0.593212474045344
