input,result,time
1,FAIL,0.5909185481629645
2,FAIL,1.3608418533716415
3,FAIL,0.6536398227518452
4,FAIL,0.9336468619967991
