input,result,time
1,FAIL,1.3429732964010843
2,FAIL,0.5162527886773697
3,PASS,1.142803375308512
4,FAIL,0.9428730246222125
