input,result,time
1,PASS,1.195307108870674
2,FAIL,0.7952993770725763
3,PASS,0.8825957588264132
4,PASS,0.6034775899365701
