test_case,result_difference,time_difference
1,0.09093194943525844,0.16044322435387637
2,-0.1868311796782798,-0.03345574359132485
3,1.2129153979939955,-0.13830558818638156
4,1.9439962106865851,0.10754364192040627
