input,result,time
1,PASS,1.2868600273152988
2,PASS,1.4730166327573442
3,PASS,0.5620358205215771
4,PASS,0.600002676995484
