input,result,time
1,PASS,1.0140544718305786
2,FAIL,0.5974933842150852
3,PASS,1.3518536993666015
4,FAIL,0.8955438297975457
