input,result,time,matrix_size
1,PASS,1.102763376071644,904
2,FAIL,1.0448831829968968,699
3,FAIL,0.9236547993389047,170
4,PASS,1.1458941130666562,572
