input,result,time
1,FAIL,1.2487223064086383
2,PASS,1.0611209274297748
3,PASS,1.3365471806191977
4,FAIL,0.7780502383012221
