input,result,time
1,PASS,1.105711957270279
2,PASS,0.6156618719050133
3,PASS,1.2278881583695114
4,FAIL,1.1374622773722067
