input,result,time
1,FAIL,0.9444937233583467
2,PASS,0.9950963271763734
3,PASS,1.4897655068476245
4,FAIL,0.5423878841385401
