input,result,time
1,FAIL,0.6764993888890601
2,PASS,1.4391609090873705
3,PASS,1.0063122240233886
4,FAIL,1.4998085781169652
