input,result,time,matrix_size
1,PASS,1.106308133045085,986
2,PASS,1.2032174964672158,363
3,FAIL,1.1347863229336947,791
4,PASS,1.4591422519779749,458
