input,result,time
1,FAIL,0.8685846061296175
2,FAIL,0.6369002716855989
3,FAIL,1.3221177331942455
4,PASS,0.689847911902758
