input,result,time,matrix_size
1,FAIL,1.0318491770716929,103
2,PASS,1.3453576818202397,800
3,PASS,1.0362745443678754,338
4,PASS,1.1802701510460296,777
