input,result,time
1,PASS,0.5580440466293015
2,FAIL,0.5949074771752675
3,FAIL,0.72817310763704
4,FAIL,1.2935147569877792
