test_case,result_difference,time_difference
1,0.2372698291276464,-0.1478148332546699
2,-0.10540819064121917,-0.07149716214301009
3,-0.8744874860676697,0.07411543229954397
4,-0.11868508902076448,0.12466324223156873
