input,result,time
1,PASS,1.4757458070588778
2,PASS,0.8773774202093657
3,FAIL,1.179389096877693
4,PASS,1.0672261918117325
