input,result,time
1,FAIL,1.1630782031001008
2,PASS,0.7633223767371506
3,PASS,0.5206509994657287
4,PASS,1.2583786538361414
