input,result,time
1,FAIL,0.9820618527677348
2,PASS,0.953110766285225
3,PASS,1.303545294912658
4,PASS,0.9716930698756319
