input,result,time
1,PASS,0.9224436010872726
2,FAIL,1.0408332638694195
3,FAIL,0.9320555222425263
4,PASS,1.1841957438864825
