input,result,time
1,FAIL,0.5142515151502959
2,FAIL,0.8421038752037887
3,FAIL,1.3234717190675371
4,FAIL,1.3661347063247309
