input,result,time
1,FAIL,1.2014434100346887
2,PASS,0.6442117522302536
3,PASS,0.9068032395538129
4,PASS,1.0706766738806728
