input,result,time
1,PASS,0.8992223836579093
2,PASS,0.8085279595544005
3,PASS,1.442184719018048
4,PASS,1.3882650405440435
