input,result,time
1,FAIL,0.8502217015239493
2,PASS,0.6448761050699738
3,PASS,1.2315013568444493
4,PASS,0.8426548553177532
