input,result,time
1,PASS,1.1361895490858445
2,FAIL,0.5780748541783043
3,PASS,0.8232152011947302
4,PASS,1.413392158457157
