input,result,time
1,FAIL,0.6689128785955536
2,PASS,0.8267755759449551
3,PASS,0.6931996368811809
4,PASS,0.533144245137811
