input,result,time
1,PASS,1.2132460130406766
2,FAIL,1.4818642170133025
3,FAIL,0.9281986576745321
4,PASS,1.3810666126765085
