input,result,time
1,PASS,1.2589330053931431
2,FAIL,1.499134161465777
3,FAIL,0.8031509360859769
4,FAIL,1.4488796336107987
