input,result,time
1,FAIL,1.0479229510768064
2,FAIL,1.217488329482428
3,FAIL,0.6617865340978953
4,PASS,0.8758647091625646
