input,result,time
1,FAIL,1.1254176103511686
2,PASS,1.122788994104225
3,PASS,1.3382270444539297
4,PASS,1.4354927638714214
