test_case,result_difference,time_difference
1,0.33435804624831234,-0.029130904586474937
2,-2.3143694637852055,-0.0394617539236965
3,-0.3279718289957479,-0.12716413362006426
4,1.1456824917877613,-0.023500630968889605
