input,result,time
1,PASS,1.1775775269043565
2,FAIL,1.216038229575973
3,FAIL,0.7802916341194603
4,FAIL,1.4279696364774712
