input,result,time,matrix_size
1,FAIL,1.1216784907560882,434
2,PASS,1.3630226166603499,841
3,FAIL,0.6576322757366576,319
4,FAIL,1.4924295232856557,346
