input,result,time,matrix_size
1,PASS,0.9731900477098971,497
2,FAIL,0.9797538701970783,584
3,FAIL,1.0083903892335468,181
4,PASS,1.467259305892187,254
