input,result,time,matrix_size
1,FAIL,0.7902480425599284,519
2,FAIL,0.8041735573892466,837
3,PASS,1.09106538083399,404
4,PASS,1.4217190668708333,948
