input,result,time
1,PASS,0.7476839097494139
2,PASS,0.6834173977985323
3,PASS,1.212945311584272
4,FAIL,0.9978689962839031
