input,result,time
1,FAIL,0.7987503108519409
2,FAIL,0.7550637853166394
3,PASS,1.2505366534324163
4,PASS,1.4980227877581007
