input,result,time,image_size
1,PASS,1.1818202991034834,2617
2,FAIL,0.859507900573786,2851
3,FAIL,0.9370319537993415,3703
4,PASS,1.197631195927265,3339
