input,result,time,image_size
1,FAIL,1.1527903170054907,3514
2,PASS,1.1350588736035638,3351
3,PASS,1.4952995676778875,3279
4,PASS,1.0818503294385344,3469
