input,result,time,image_size
1,PASS,0.6433532874090464,3235
2,FAIL,1.444668917049584,3070
3,PASS,1.0218483217500718,4043
4,FAIL,0.9146619399905236,3442
