input,result,time
1,PASS,1.092966011871992
2,PASS,1.2665305812061067
3,FAIL,0.8177881359713367
4,FAIL,1.4839236926158033
