input,result,time
1,PASS,1.4437480785146242
2,PASS,1.1818202991034834
3,PASS,0.859507900573786
4,FAIL,0.9370319537993415
