input,result,time
1,PASS,1.4927028935831699
2,FAIL,0.7416045391567517
3,PASS,1.2193234429974726
4,PASS,0.6919254395391127
