input,result,time
1,FAIL,0.7494200410564512
2,FAIL,0.6059061548822322
3,FAIL,1.450952611055394
4,PASS,0.7334202554680963
