input,result,time
1,PASS,1.3829335756883603
2,FAIL,0.7300986841317121
3,FAIL,1.2892030631061386
4,PASS,0.897954022224786
