test_case,result_difference,time_difference
1,-0.02946404616986376,-0.12571508477881163
2,-0.05482626808097761,-0.015331715995141344
3,0.6789613992058382,0.023446452965923514
4,-0.6254525966471618,0.02334503172163742
