input,result,time
1,PASS,1.0494185832998157
2,FAIL,1.204643698826602
3,PASS,1.4229142906324854
4,PASS,1.117035210641125
