input,result,time
1,PASS,1.4175394862588204
2,FAIL,1.2577342701180048
3,PASS,0.5613006824987847
4,FAIL,1.0726329966747499
