input,result,time
1,FAIL,0.7539416425950258
2,PASS,0.713311977367482
3,PASS,1.0182007139306632
4,PASS,0.5256627180545316
