input,result,time
1,PASS,0.6899712164421066
2,PASS,0.9217271861132601
3,PASS,1.1542342532418264
4,FAIL,0.5243957412026957
