input,result,time
1,PASS,1.4873704512258032
2,FAIL,1.425993370707729
3,PASS,0.7525670520988661
4,FAIL,1.2194691224640226
