input,result,time
1,FAIL,1.4682864102942972
2,PASS,1.4197828107781585
3,PASS,0.5360338174285695
4,FAIL,0.67477200416094
