input,result,time
1,FAIL,1.3738321783347183
2,PASS,1.3339816438766317
3,PASS,0.7138353468015866
4,FAIL,1.2712254629659103
