input,result,time
1,PASS,0.9090540953730616
2,FAIL,0.6629544260466054
3,FAIL,1.1387617573665292
4,FAIL,0.9903053465487371
