input,result,time
1,PASS,0.8831470775824639
2,FAIL,1.3004427678632144
3,FAIL,1.196230151300603
4,PASS,1.1716478638483563
