input,result,time
1,PASS,1.4854914276432976
2,PASS,1.4689717046703517
3,FAIL,1.404948345549927
4,FAIL,0.7965562650640299
