input,result,time
1,FAIL,0.5811013899879968
2,FAIL,0.9072411714138073
3,FAIL,0.7322341421709427
4,FAIL,0.632487634757983
