input,result,time
1,FAIL,0.8378517829545885
2,FAIL,0.9904001358446647
3,PASS,1.478853141213091
4,PASS,0.6610548744531329
