input,result,time
1,PASS,1.133607889700191
2,FAIL,1.449297473301835
3,FAIL,1.4367464737894553
4,PASS,0.9473782946071331
