input,result,time
1,PASS,0.7465347942124507
2,PASS,1.0627831242980728
3,PASS,1.4063542273675473
4,FAIL,1.0801069131963303
