test_case,result_difference,time_difference
1,0.611310738819829,-0.0079270536546877
2,-0.7495562614612087,0.09237715298605882
3,0.5770271752810245,-0.10514102416194585
4,-0.3895032631654944,0.186638265855398
