input,result,time
1,FAIL,1.4201561482529634
2,PASS,1.1558177056627477
3,PASS,0.8776260372348115
4,FAIL,1.4703599305501163
