input,result,time
1,FAIL,1.087599635196389
2,PASS,0.772821902424467
3,FAIL,0.8708527992178887
4,FAIL,0.6970542801856396
