input,result,time,image_size
1,FAIL,0.7694794339581177,3568
2,FAIL,0.910492138094457,3843
3,FAIL,0.9282238321164081,638
4,FAIL,0.7978418185550563,2346
