input,result,time,image_size
1,PASS,0.9959702953734696,591
2,PASS,1.1817399450693613,595
3,PASS,0.7773402713052435,3343
4,PASS,1.02437981107722,3379
