input,result,time,image_size
1,FAIL,1.0799123983985055,2120
2,PASS,1.47575168513993,1810
3,PASS,0.7730089012939046,1945
4,FAIL,1.470075073851001,1432
