input,result,time
1,PASS,0.5753590690833403
2,FAIL,0.9246630028405929
3,FAIL,0.6076177051495819
4,FAIL,1.068217593669845
