input,result,time
1,PASS,0.6035784634483722
2,FAIL,0.5180963582014751
3,FAIL,1.0905853790479338
4,PASS,0.9355315405309335
