input,result,time
1,FAIL,1.2814796002346613
2,FAIL,1.2510216488563985
3,FAIL,1.427211807373118
4,FAIL,0.5289525490269605
