input,result,time
1,FAIL,0.9218821360104604
2,FAIL,0.9770994842434486
3,FAIL,1.3149496076199942
4,FAIL,1.087122004754833
