input,result,time
1,PASS,0.9486006620177172
2,FAIL,0.5424896082381582
3,FAIL,0.6175459407560635
4,FAIL,0.8816537466454322
