input,result,time
1,FAIL,0.815151503445478
2,FAIL,0.5701735678649045
3,PASS,1.000758752921961
4,PASS,1.4635994443948874
