input,result,time
1,PASS,0.6762553422337291
2,PASS,1.1689517988123774
3,FAIL,1.3680144645868473
4,FAIL,1.429868146266835
