input,result,time
1,FAIL,1.2372785797141679
2,PASS,0.5051529642690232
3,PASS,1.1941578513691256
4,PASS,1.4195074069058207
