input,result,time
1,FAIL,0.559757917960394
2,FAIL,0.8502712073448542
3,PASS,1.4197379807712738
4,FAIL,1.4607664734451007
