input,result,time
1,PASS,0.5175487602079732
2,PASS,0.853041434225224
3,PASS,0.6808110152346956
4,PASS,0.7660671014437335
