input,result,time
1,PASS,0.74745718608183
2,PASS,0.8150245771146568
3,FAIL,1.0006770213261564
4,FAIL,0.5720801573615169
