input,result,time
1,PASS,0.8730545293052032
2,FAIL,0.6968520546653137
3,PASS,0.598759886790555
4,FAIL,1.2486060058295778
