input,result,time
1,FAIL,1.4906516926063995
2,FAIL,0.6988922177674481
3,FAIL,1.1568383469519832
4,PASS,0.6064953137710604
