input,result,time
1,FAIL,1.4040904218175045
2,FAIL,0.6676135163437265
3,FAIL,1.2934015870132332
4,PASS,0.9621364057877342
