input,result,time
1,FAIL,0.9468769639461991
2,FAIL,0.9330774491012684
3,FAIL,0.8573468796779544
4,PASS,1.4149707703156187
