input,result,time
1,FAIL,0.9304707330888223
2,FAIL,1.0580409428793853
3,FAIL,0.7691172970150622
4,FAIL,0.8226898830569572
