input,result,time
1,PASS,0.5510530646919236
2,PASS,0.8312688802927263
3,FAIL,0.8203262865108316
4,PASS,1.4468071709445223
