input,result,time
1,PASS,1.4149707703156187
2,PASS,1.2317441854328928
3,PASS,1.2275469913315296
4,PASS,0.7899134495919554
