input,result,time
1,PASS,1.3975683987034557
2,FAIL,0.9296905619467044
3,PASS,1.4935499189205104
4,PASS,0.6997551395415033
