input,result,time
1,FAIL,0.8970258322826741
2,FAIL,0.7766497302091896
3,PASS,1.0063429193238043
4,FAIL,0.8498976805038789
