input,result,time
1,FAIL,0.7041212494347245
2,FAIL,1.2585491125199928
3,PASS,0.739479194751074
4,PASS,0.7708401836810589
