input,result,time
1,PASS,0.6761038377894961
2,FAIL,0.8198073353960721
3,FAIL,1.3168251414784375
4,FAIL,1.0395366051096309
