input,result,time
1,PASS,0.8931459205085472
2,FAIL,0.9717482414507777
3,FAIL,1.4541176618386387
4,PASS,0.9911717204105572
