test_case,result_difference,time_difference
1,0.3228086569299321,0.1122240712291859
2,-1.7089927487015004,-0.0793146487704605
3,1.2243193471725191,0.09183401570908538
4,0.7692797968452628,-0.06987900104795168
