input,result,time,image_size
1,PASS,1.086512934810083,1149
2,PASS,0.5201075461874936,1282
3,FAIL,1.328940029217363,606
4,PASS,0.5046954761925471,3810
