input,result,time,image_size
1,PASS,0.7444255920016027,1841
2,PASS,0.6589695836455197,2117
3,FAIL,0.6103751411643051,2729
4,PASS,1.1563295894652734,2211
