input,result,time,image_size
1,FAIL,0.533625093498832,2262
2,FAIL,1.4689617652602736,1534
3,FAIL,0.8209972413734975,3261
4,FAIL,0.7212626851837828,3287
