input,result,time
1,FAIL,1.160173537492685
2,PASS,0.7900776072104441
3,FAIL,1.1180154289988415
4,FAIL,0.9287687009457661
