input,result,time
1,PASS,0.9115564630694751
2,PASS,0.8789550579907044
3,PASS,0.7808553741138629
4,FAIL,1.4820818808029181
