input,result,time
1,PASS,0.5096876269946027
2,FAIL,1.1735249529904652
3,PASS,0.6531317274729367
4,PASS,1.3037629300625153
