input,result,time
1,FAIL,0.8017015746396532
2,PASS,1.3618229919755958
3,PASS,1.3443270139828223
4,PASS,0.8154651571670559
