input,result,time
1,FAIL,1.0669335815811272
2,PASS,0.9002451262451009
3,PASS,0.5745765706512369
4,PASS,0.6140160128415976
