input,result,time
1,FAIL,0.5837913529100845
2,FAIL,1.016123700741093
3,FAIL,0.719860776641607
4,FAIL,0.7742957038427515
