test_case,result_difference,time_difference
1,-0.8600795505590432,-0.08828024702482111
2,2.057768301907263,0.07012073582782895
3,-0.26581665599714477,-0.02284162553973217
4,-0.8925549866117267,-0.03322581534566423
