input,result,time
1,FAIL,1.0414683351985827
2,FAIL,1.4899125823153188
3,PASS,0.8282173095977529
4,FAIL,0.9776788062701657
