input,result,time
1,FAIL,1.2275436095907497
2,FAIL,0.5242727046220612
3,PASS,0.9301159843767399
4,PASS,1.152124594842139
