input,result,time
1,PASS,1.1147627506164866
2,PASS,1.4444041214695562
3,FAIL,0.6602599201365951
4,PASS,1.2296113830353528
