input,result,time,matrix_size
1,FAIL,1.451874476832736,960
2,FAIL,1.0757511620448725,434
3,PASS,1.320767120701315,841
4,FAIL,1.4088437184127383,319
