input,result,time,matrix_size
1,PASS,1.3411401297855994,317
2,PASS,1.4046477442095133,763
3,PASS,0.5375593838281403,921
4,FAIL,1.008315448578891,407
