input,result,time
1,PASS,0.9471253786176274
2,FAIL,1.346408672471128
3,PASS,1.1994792753175043
4,FAIL,0.7974369508551337
