input,result,time,matrix_size
1,FAIL,0.7091570294808411,938
2,PASS,0.7869150433006046,650
3,PASS,1.177263305338427,779
4,PASS,0.5630382896693767,748
