input,result,time
1,FAIL,0.9050356132969499
2,PASS,0.9053735828485561
3,FAIL,0.8210429900432169
4,PASS,0.5299503249047494
