input,result,time
1,PASS,0.7244136119208402
2,FAIL,1.453675696427313
3,PASS,1.0823197330520553
4,FAIL,0.6074725677688045
