input,result,time
1,PASS,0.5073904930882857
2,FAIL,0.7808333913316728
3,PASS,1.3077713300918083
4,PASS,1.253339476287091
