input,result,time
1,FAIL,0.8605455604858923
2,PASS,1.3286569145557379
3,PASS,1.424966911953192
4,FAIL,0.5460073108872969
