input,result,time
1,FAIL,1.1892169680331226
2,PASS,0.6376297047586061
3,PASS,1.0140603391361216
4,FAIL,1.2104532063436402
