input,result,time
1,PASS,0.5691826587923895
2,FAIL,1.3791733376874045
3,FAIL,1.234813774630561
4,FAIL,0.6764993888890601
