input,result,time
1,FAIL,1.2992025873523918
2,FAIL,1.130447936866791
3,PASS,1.374287966624947
4,PASS,0.7930202845077967
