input,result,time
1,PASS,1.0061072285107207
2,PASS,0.5675827736005187
3,FAIL,0.8916670083681693
4,FAIL,1.4573945325047557
