input,result,time
1,PASS,0.8335073956751826
2,FAIL,1.0723170159586255
3,FAIL,1.3948697402009822
4,PASS,0.6762816401400148
