input,result,time
1,FAIL,1.38770083572732
2,PASS,1.138609177641413
3,FAIL,0.9299967804707131
4,PASS,0.5357426825004837
