input,result,time
1,PASS,0.7419853623086233
2,PASS,0.6121198762922693
3,PASS,0.9357693867770951
4,PASS,1.282783104327779
