input,result,time
1,PASS,0.5316054428204056
2,FAIL,1.068419042866216
3,FAIL,1.109161264355643
4,PASS,1.4615751443000815
