test_case,result_difference,time_difference
1,-0.3665935850393953,-0.0710754362032651
2,-1.6581790447361489,0.19280274191851754
3,-1.1941333269829844,-0.05591872022858044
4,0.022384696951371175,0.008613306696380165
