input,result,time
1,PASS,0.9707321549552316
2,FAIL,0.5146658209720708
3,FAIL,1.2002037687349363
4,FAIL,1.3584775686018542
