input,result,time
1,FAIL,1.3007806089049283
2,PASS,1.4090134767736378
3,FAIL,1.4044188415515815
4,FAIL,0.8278882195041742
