input,result,time
1,FAIL,1.0943106308730015
2,FAIL,0.5455378040587188
3,PASS,0.9330495651042471
4,PASS,1.1779447291299647
