input,result,time
1,FAIL,1.3986259549179076
2,PASS,1.027332384836509
3,FAIL,0.966967589698108
4,FAIL,0.7443446282666665
