input,result,time
1,PASS,1.037623355650832
2,FAIL,0.6984067477488993
3,FAIL,1.103038139426371
4,FAIL,0.8402312343169456
