input,result,time
1,PASS,1.0379457791519024
2,FAIL,1.437663093964562
3,PASS,0.805188702693029
4,FAIL,1.4834339782345762
