test_case,result_difference,time_difference
1,-0.015603772185034843,0.1506766030161851
2,0.23901389383457824,-0.08077879743688875
3,-0.20240517761135696,0.04771855102940359
4,-0.7299372761260137,0.09184761623183235
