input,result,time
1,FAIL,0.7828253528075076
2,PASS,1.1960579593584382
3,FAIL,0.6988100542930725
4,PASS,0.7887899368557524
