input,result,time
1,PASS,0.7733487365398707
2,PASS,1.3871315434314075
3,FAIL,0.6655456127962555
4,PASS,1.1659599186940568
