input,result,time
1,FAIL,0.552407036769856
2,FAIL,1.4101313871334669
3,PASS,1.0344320281653596
4,FAIL,0.5156761160499139
