input,result,time
1,PASS,0.7158133656632963
2,PASS,1.3614762028764
3,FAIL,1.3043329181204664
4,FAIL,0.7456353122757715
