input,result,time
1,FAIL,1.378594237524952
2,PASS,1.0066888439148207
3,FAIL,0.6151378501764319
4,FAIL,1.31873908434729
