input,result,time
1,PASS,1.2728037356068982
2,FAIL,1.069762526464618
3,PASS,0.9387938689577451
4,PASS,0.6411424490902875
