input,result,time
1,FAIL,1.186380230000473
2,PASS,0.7958919763768736
3,FAIL,0.8032919214196661
4,FAIL,0.8558891546408681
