test_case,result_difference,time_difference
1,-0.8765028167937043,0.011172720150395153
2,-0.8250097947577221,0.009498745672564257
3,-0.08502707696400291,0.08333448302306913
4,-2.3678339181292967,0.16820567771855044
