input,result,time
1,PASS,1.0867171662232342
2,PASS,1.0881576704911717
3,FAIL,0.5342670403522295
4,FAIL,1.4985265777083543
