input,result,time
1,PASS,0.6418172757014775
2,FAIL,0.8167306665534563
3,PASS,1.126706475959105
4,PASS,1.2275436095907497
